# id,id_old,x_geo [pixels],y_geo [pixels],z_geo [pixels],x [pixels],y [pixels],z [pixels],x_min [pixels],x_max [pixels],y_min [pixels],y_max [pixels],z_min [pixels],z_max [pixels],n_pix,n_chan [channels],n_los [pixels],ell3s_maj [pixels],ell3s_min [pixels],ell3s_pa [deg],ell_maj [pixels],ell_min [pixels],ell_pa [deg],f_int [K],f_peak [K],f_wm50 [K],kin_pa [deg],rms [K],snr_int,w20 [channels],w50 [channels],wm50 [channels],ra [deg],dec [deg],vopt [m/s],y/n/m
202635.027,55,102.371,498.844,772.014,102.102,498.65,773.255,98,110,495,505,753,792,1387,39,75,6.8802,3.3566,-55.0791,5.8483,3.0018,-53.3134,554.6067,1.1931,23.8564,112.3371,0.251,59.3382,31.4561,19.8755,25.35,22.556324,30.402558,-184211.13,y
202635.255,442,493.832,317.163,1090.653,493.767,317.071,1089.717,490,498,312,323,1074,1108,1181,34,67,5.3048,3.6808,-21.3864,4.3653,3.3064,-7.7343,274.348,0.7627,0,158.5022,0.1627,49.0796,21.1974,15.5127,0,16.028561,27.376233,48743.589,y
441035.037,72,337.067,134.944,648.672,337.086,134.993,649.367,334,341,131,140,635,663,838,28,53,4.7945,3.3776,18.3077,3.9851,3.0044,15.8025,363.6631,1.0689,22.8091,359.7718,0.2437,51.5518,21.2024,17.1041,17.7007,42.639959,8.3415598,-275407.93,y
441035.051,93,85.788,138.772,711.169,85.708,138.767,710.794,81,93,134,144,689,735,2347,46,77,6.7389,3.4895,-62.4905,6.2646,3.0993,-62.6342,645.6114,1.0189,8.6919,311.1767,0.2063,64.6033,37.3051,30.0958,38.2252,46.829604,8.4044742,-230190.29,y
841835.028,41,77.368,157.078,789.227,77.22,157.169,789.73,74,82,153,162,766,813,1514,47,52,4.5587,3.6275,24.4666,3.8256,3.0743,29.6902,453.0084,0.971,0,53.7308,0.1354,86.001,35.1376,22.7012,0,87.100802,16.685847,-172083.24,y
841835.338,587,114.027,33.146,1086.801,113.854,33.258,1083.981,106,122,28,39,1065,1107,2500,42,101,7.6974,4.186,66.2543,6.9328,3.5804,67.4742,1189.5932,1.6188,27.0632,243.4135,0.2326,102.2739,29.6259,19.3823,29.3735,86.434822,14.630164,44521.257,y
1241835.237,421,119.388,451.879,1124.58,119.15,451.829,1122.687,115,125,448,456,1106,1144,1332,38,64,4.7005,4.2328,-74.3706,4.0467,3.6126,-78.4665,380.7429,0.8799,16.5309,230.2232,0.1925,54.1929,29.996,22.3357,27.1114,126.27238,21.622197,73013.548,y
1242635.252,434,200.735,17.46,1082.689,200.56,17.59,1081.676,198,205,14,23,1063,1102,1169,39,48,4.7807,3.1615,34.5829,4.0504,2.8444,37.8888,316.0712,0.895,9.8893,224.1516,0.1981,46.6749,31.2737,24.1088,30.1134,124.91556,22.384873,42824.687,y
1401835.228,412,175.24,23.466,1060.682,175.218,23.601,1059.832,169,182,19,31,1036,1084,3484,48,118,6.7545,5.6443,-64.3657,5.773,5.0481,-70.0067,848.158,0.9367,5.6321,8.2573,0.1866,77.0094,33.6533,22.6366,43.8022,141.33795,14.485047,26745,y
1401835.292,497,45.177,129.974,1071.929,45.09,129.999,1071.402,42,50,124,136,1056,1087,1178,31,65,5.8206,3.1269,25.4893,5.1497,2.8599,26.5722,281.0846,0.7441,0,238.2783,0.1672,48.9797,23.8899,17.657,0,143.50677,16.258355,35261.9,y
1401835.298,504,32.438,178.296,1066.917,32.314,177.798,1066.974,27,39,173,185,1042,1095,3512,53,107,6.1106,5.4532,-4.3434,4.5139,3.9633,12.1458,1910.5575,3.1469,3.6581,47.4031,0.1283,251.3015,34.6911,20.6181,49.9143,143.71969,17.055003,32002.023,y
1401835.305,512,350.028,20.338,1111.059,350.123,20.426,1111.034,347,354,16,26,1093,1132,1417,39,59,5.1162,3.2626,-4.173,4.396,2.9764,2.1484,358.024,0.8457,23.2048,187.8624,0.184,51.6811,33.03,20.6481,18.1045,138.42287,14.432133,64435.915,y
1402635.043,71,143.812,71.866,934.308,143.885,71.811,934.159,139,149,68,76,918,953,1253,35,54,5.2487,3.2871,-62.5957,4.4772,2.85,-60.467,382.2869,0.9858,32.839,226.296,0.1694,63.7561,25.4541,16.8362,9.82,141.86017,23.288564,-65766.309,y
1402635.063,105,494.47,167.39,940.491,494.553,167.294,940.209,489,500,163,173,922,958,1467,36,68,5.5389,3.5912,57.6737,4.9119,3.1384,54.615,405.0563,0.8262,8.3082,97.6833,0.1962,53.9011,26.5865,22.106,26.8516,136.0157,24.879951,-61312.61,y
1561035.044,76,443.993,157.458,958.416,444.093,157.024,960.272,439,453,150,166,943,975,2305,32,147,7.3808,6.3818,10.6813,7.1483,4.935,10.1404,702.116,1.0317,0,29.3939,0.2297,63.6793,22.4874,15.4121,0,152.85674,8.7087545,-46543.926,y
1561835.041,60,269.035,395.777,934.904,268.945,395.793,935.315,264,276,391,402,917,955,2267,38,98,6.977,4.1147,-51.46,6.5927,3.583,-53.1766,496.4459,0.8195,19.3038,122.1537,0.1656,62.9642,28.2177,17.2505,26.5185,155.77587,20.688252,-64915.305,y
2361835.041,60,225.127,288.078,962.221,225.061,288.019,962.987,221,230,284,293,942,984,1656,42,62,5.5429,3.3738,-49.2905,4.6751,2.9871,-49.5453,381.7727,0.7846,11.4873,299.2988,0.1562,60.0678,32.6652,24.6962,30.0781,236.50743,18.892028,-44545.31,y
2362635.041,50,243.227,224.357,945.309,243.106,224.247,945.597,239,249,218,230,926,965,1575,39,72,5.5246,3.7262,-36.8814,4.8593,3.4139,-43.3669,284.2479,0.7335,14.8203,267.7911,0.1591,45.0289,27.403,14.7608,18.0105,236.20668,25.82917,-57346.037,y
2363435.021,28,482.989,53.615,928.245,482.941,53.683,929.004,478,489,50,58,905,951,1852,46,65,5.6314,3.6366,72.2259,4.9549,3.0125,72.0554,380.2031,0.8154,11.7332,79.8756,0.1466,60.2659,33.6994,19.7482,25.2748,232.20942,30.986448,-69560.544,y
2840235.002,6,160.885,503.766,632.163,161.067,503.477,631.167,154,168,499,511,608,659,3192,51,118,7.2088,5.2281,57.4095,6.5399,4.4581,50.4995,1049.4908,1.0231,36.1209,41.5916,0.2278,81.5564,35.4732,24.4592,27.2033,285.57409,6.4829568,-288805.03,y
3321835.278,450,389.149,375.316,1124.707,389.321,375.569,1124.529,384,395,371,381,1104,1149,2390,45,87,6.1102,4.4858,-43.5173,5.2006,3.771,-45.4233,703.3192,1.0082,25.2275,122.0173,0.1647,87.3466,33.1455,17.7772,26.0216,329.76994,20.351186,74369.666,y
3322635.298,495,133.441,427.591,1053.766,133.343,427.825,1052.416,129,139,422,436,1036,1074,2254,38,101,6.9717,4.6804,-20.3732,5.5449,4.0401,-18.557,826.6682,1.3515,23.5556,357.7221,0.2097,83.0363,25.9164,19.3139,25.7052,334.03626,29.222139,21286.065,y
3323435.038,59,125.098,327.454,903.857,125.04,327.825,901.803,120,132,321,335,882,928,2976,46,114,6.3678,5.6251,23.3544,5.5265,4.492,23.5652,1704.1339,2.0979,0,283.6969,0.2372,131.6808,27.6554,17.6718,0,334.17465,35.555494,-89584.204,y
3403435.022,27,179.767,298.066,916.544,179.612,298.117,917.411,174,187,292,304,895,935,2780,40,109,6.8497,4.8037,46.8666,6.1191,4.1264,40.8594,793.6979,0.9362,32.7876,205.4123,0.1868,80.5863,29.6068,22.793,24.0803,341.26512,35.060347,-78094.729,y
41035.007,8,474.359,58.498,511.773,474.27,58.4,511.561,470,482,52,67,494,533,2854,39,124,7.6733,5.0402,34.0016,7.4409,4.5714,32.4512,621.1703,0.8097,20.0788,19.0379,0.1932,60.1839,25.5514,18.8485,23.5025,0.35347093,7.065016,-376849.93,n
43435.027,38,198.414,385.452,931.354,198.433,385.424,931.35,194,206,380,399,909,953,2010,44,92,6.5103,5.3424,-0.3784,6.0854,4.6893,-1.1288,436.6986,0.8549,6.2621,101.5022,0.2059,47.2975,36.1318,27.8169,38.7645,4.9507634,36.51548,-67834.057,n
43435.044,68,118.97,436.73,953.257,118.847,436.642,954.496,111,126,431,443,930,976,3970,46,135,7.8438,5.6407,71.0001,7.222,4.8931,71.1392,1271.577,1.1977,0,265.8578,0.2064,97.7982,31.2763,22.0935,0,6.2772067,37.369107,-50795.509,n
43435.156,268,396.798,17.038,1057.368,396.812,17.178,1056.673,390,406,13,23,1042,1074,2454,32,129,7.7999,5.0854,80.1872,7.1031,4.6421,82.6228,643.8652,1.0188,0,235.4544,0.1798,72.2957,22.4229,15.573,0,1.6444424,30.378032,24419.433,n
43435.207,352,268.546,293.296,1235.14,268.482,293.341,1234.747,265,272,288,298,1215,1264,449,49,35,5.813,2.2321,-24.9283,4.4835,1.7083,-27.2981,266.8579,1.7578,8.0821,151.8204,0.2548,49.433,38.9689,25.7302,37.6905,3.7832783,34.980755,155503.78,n
123435.005,6,233.555,4.888,502.54,233.464,4.721,502.287,227,241,0,12,480,526,3821,46,127,6.8543,5.8,88.7505,6.2945,5.2766,-83.421,807.5599,0.8126,22.9524,104.9026,0.1723,75.8403,33.6862,23.7747,32.0738,12.366927,30.170409,-383677.11,n
123435.012,13,214.794,313.344,876.436,214.746,313.351,876.181,212,218,307,319,867,886,433,19,39,5.9596,1.9364,-18.0987,5.1642,1.8965,-19.474,140.3348,1.0211,8.1929,155.5026,0.2291,29.4369,16.5305,15.1967,16.2498,12.678898,35.314249,-108444.8,n
201035.004,11,330.034,39.389,927.643,330.013,39.382,927.855,325,337,35,45,910,947,1718,37,83,5.4979,4.5168,-66.1401,5.1991,4.0812,-70.967,407.3558,0.8771,0,293.3446,0.202,48.6501,28.9544,21.2942,0,18.757786,6.7480465,-70406.729,n
201035.019,28,484.091,3.785,945.109,484.101,3.448,944.956,480,489,0,10,920,967,1954,47,66,4.9755,4.2113,-18.3084,4.4641,3.8012,-14.5452,526.9234,1.1367,0,354.5582,0.1964,60.6937,33.9029,25.5908,0,16.18966,6.149138,-57818.379,n
201035.020,29,445.918,217.582,936.102,445.903,217.403,936.134,442,450,212,224,920,952,1403,32,70,5.9059,3.535,-10.984,5.404,3.2728,-10.0847,355.0339,0.9501,16.2802,346.4098,0.196,48.366,26.9053,19.2232,24.4175,16.826283,9.715077,-64311.747,n
201035.023,32,256.465,358.095,937.165,256.545,358.141,937.207,252,262,354,363,921,956,1489,35,72,5.635,3.7447,-47.3779,4.9049,3.4493,-49.2299,364.2362,0.8026,0,289.2183,0.2042,46.2275,28.5839,15.4032,0,19.982256,12.060708,-63522.462,n
201035.024,33,453.155,19.102,938.936,453.154,19.294,939.226,449,458,14,25,923,956,1248,33,61,5.9816,2.9378,30.7326,5.2806,2.7257,29.3922,335.3996,0.86,15.8075,198.3068,0.2074,45.7726,27.7639,18.2732,20.9903,16.705447,6.4132504,-62036.18,n
201035.034,49,2.737,151.432,951.046,2.582,151.694,951.471,0,7,148,157,937,965,720,28,43,4.9697,2.677,27.6845,4.3402,2.4675,28.5096,211.3079,0.9177,11.5499,31.8247,0.2022,38.9448,20.5977,15.0649,16.933,24.214992,8.6199231,-53022.293,n
201035.048,70,100.061,504.005,977.432,100.252,504.21,976.788,93,107,498,510,960,998,2178,38,98,7.945,3.8191,-61.5864,7.2812,3.4453,-62.2353,552.3341,0.8894,16.9153,292.0855,0.2017,58.6715,27.6224,18.8051,27.1118,22.587157,14.495204,-34385.769,n
202635.021,41,52.647,165.401,660.679,52.374,165.183,661.369,48,57,162,169,650,672,187,22,29,5.4817,1.6724,-62.5637,5.2354,1.9734,-63.6166,60.8194,1.1936,3.252,122.6424,0.2815,15.7985,20.0586,15.8701,19.9702,23.385121,24.844771,-266573.2,n
283435.004,5,478.214,30.076,808.232,478.26,30.157,808.401,474,483,27,35,794,825,641,31,40,5.1855,2.3022,-50.4112,4.662,2.0474,-52.3891,201.3423,0.8604,4.8119,125.3677,0.2152,36.9623,27.1397,19.7037,27.2532,24.287015,30.594336,-158338.98,n
283435.056,87,171.322,114.12,989.374,171.545,114.006,989.646,166,180,110,118,968,1005,1669,37,89,6.8694,3.7867,76.7373,6.4082,3.5166,79.9897,497.4295,0.8637,0,31.6706,0.2583,47.1325,22.5966,17.2876,0,29.398947,31.991824,-24920.349,n
283435.069,106,201.553,99.643,969.501,201.688,99.608,969.778,197,207,97,104,954,986,1278,32,57,5.406,3.2345,88.0074,5.1108,2.9436,84.4864,396.5824,1.0515,27.1093,255.5502,0.2203,50.3509,24.7664,18.77,19.1703,28.896559,31.751865,-39546.021,n
283435.195,340,332.757,235.236,1877.583,332.703,235.384,1878.403,330,336,230,239,1849,1905,781,56,32,4.8658,2.1777,3.3635,3.888,1.8332,5.5647,335.9022,1.6844,8.6687,14.7169,0.2701,44.5056,47.7003,40.7454,45.0398,26.712969,34.014805,629313.76,n
363435.055,84,262.519,58.241,969.094,262.534,58.331,969.09,259,267,54,64,958,981,692,23,51,5.3997,2.7718,36.3935,4.6293,2.4886,33.1438,275.3215,1.0171,10.7297,30.0639,0.2439,42.916,18.8489,15.193,18.1983,35.882474,31.06392,-40052.59,n
440235.018,32,24.298,509.038,689.828,24.169,509.244,689.333,19,30,507,512,673,708,921,35,47,5.663,2.512,82.6288,4.6579,2.3512,82.2457,342.4648,1.1947,14.829,263.016,0.2207,51.1265,26.2732,19.5313,23.1845,47.855256,6.5790728,-245987.88,n
440235.020,34,508.002,75.969,716.438,508.107,76.236,715.939,505,512,71,82,693,739,1582,46,59,5.3145,3.436,-13.4886,5.1503,2.9279,-12.5276,464.252,1.1838,24.8654,333.2241,0.2287,51.0457,37.6072,18.1631,24.8657,39.789597,-0.63773243,-226402.65,n
440235.022,37,120.365,440.962,719.783,120.342,440.985,719.746,118,124,436,447,702,737,1136,35,59,5.8057,3.1076,-4.2934,5.5643,2.6426,-2.5861,339.1774,0.7984,8.9495,184.8962,0.2032,49.5291,25.913,18.4384,25.9249,46.252371,5.4414261,-223600.4,n
440235.031,48,502.285,117.591,804.664,502.344,117.494,804.341,498,509,115,122,790,823,643,33,40,5.6044,2.2163,68.728,5.0173,2.1415,70.2356,208.0381,1.0886,5.515,266.0823,0.2456,33.4114,28.3099,15.0518,28.6234,39.885657,0.04990526,-161328.09,n
441035.031,66,369.205,4.215,668.513,369.186,4.167,668.271,365,375,1,10,651,688,1440,37,60,4.7942,4.0515,73.5946,4.2943,3.6528,87.4855,446.6025,0.937,0,170.5053,0.2256,52.1676,30.9835,16.0551,0,42.10495,6.1611311,-261492.45,n
441035.043,80,103.555,5.906,697.941,103.434,6.006,697.784,101,107,2,11,686,712,678,26,39,4.6358,2.5418,27.2849,4.3508,2.2578,29.6448,188.7219,0.7128,7.6968,32.4374,0.208,34.8403,22.0135,15.7985,21.6233,46.534173,6.1917834,-239766.74,n
441035.045,86,341.375,21.374,859.828,341.347,21.426,859.736,338,346,18,26,842,879,1073,37,50,4.9524,3.0253,-47.8605,4.1206,2.7379,-45.8357,291.2133,1.0106,26.4212,310.8177,0.2032,43.7488,29.909,19.6937,12.7384,42.568936,6.4487747,-120550.31,n
441035.050,92,125.089,234.375,702.372,125.008,234.348,702.796,120,129,233,238,688,717,360,29,27,4.8169,1.6501,71.3718,3.8079,1.6376,68.5591,123.0741,0.996,5.8809,64.5486,0.2504,25.9015,20.6297,18.9062,20.3649,46.174606,9.9974942,-236077.43,n
441035.063,108,226.064,100.63,868.794,225.992,100.673,868.828,222,233,97,105,854,884,1065,30,57,5.3718,3.2145,83.1094,4.8427,2.9712,81.729,304.2886,0.8165,21.7879,54.1087,0.2121,43.9577,23.8547,15.2713,15.3188,44.491537,7.7695731,-113857.34,n
441035.065,110,269.699,129.876,866.811,269.671,129.767,866.838,265,275,124,137,854,881,1617,27,90,5.7579,4.6603,-1.4884,5.3645,4.3477,-3.0408,449.5343,0.9542,18.3748,345.3767,0.2085,53.6145,21.7096,15.978,18.0909,43.76355,8.2544605,-115322.38,n
441835.007,19,146.073,499.717,603.902,145.954,499.654,603.672,138,152,494,506,585,625,2379,40,103,6.7306,4.8344,-48.6567,6.1006,4.2477,-41.2705,434.131,0.7758,18.0757,303.1929,0.1767,50.3631,30.8242,16.1788,27.6776,45.825506,22.419283,-309045.32,n
441835.009,21,201.352,496.79,589.394,201.451,496.873,590.19,195,211,489,504,566,613,4072,47,142,6.7673,6.4349,58.8273,6.0865,5.6242,88.5507,804.9405,0.8324,0,132.8936,0.1757,71.7839,35.7049,22.3838,0,44.900547,22.372934,-318969.28,n
441835.021,38,303.474,3.175,789.534,303.536,3.142,790.941,301,307,0,9,774,809,498,35,38,4.6099,2.3509,1.3301,3.5827,2.0447,-1.9836,260.7923,1.787,7.6326,181.5743,0.2565,45.5648,32.4347,28.4411,32.4308,43.199127,14.14406,-171192.11,n
441835.035,59,471.881,127.001,963.773,471.819,127.115,963.032,468,475,123,133,945,987,967,42,50,5.0055,3.3264,11.6295,4.3058,2.8417,10.8435,197.4928,1.116,8.451,140.6594,0.1814,35.0057,32.86,15.1216,32.3299,40.394409,16.210285,-44511.568,n
442635.001,1,201.402,17.597,588.312,201.499,17.597,589.134,195,211,11,25,565,613,4178,48,144,7.3261,6.3024,78.7692,6.4909,5.3754,84.1917,914.0918,0.8957,22.7427,137.5245,0.1823,77.5711,34.6343,22.6767,34.1688,44.899743,22.38499,-319747.02,n
442635.003,3,146.05,19.998,603.73,145.971,19.958,603.489,138,152,14,26,584,625,2535,41,107,6.7865,4.8546,-54.0567,6.0804,4.357,-44.6635,514.2141,0.8301,15.0915,293.8977,0.1832,55.7547,31.1526,22.2661,30.8422,45.825207,22.424342,-309179.75,n
442635.005,5,272.338,54.413,659.077,272.39,54.471,659.108,266,280,52,58,647,674,1123,27,64,7.3752,2.6831,-88.3663,7.2858,2.4681,-87.0898,217.4992,0.8671,21.787,283.6008,0.1914,33.9179,20.2614,17.5351,11.532,43.718223,22.999563,-268237.55,n
442635.007,7,222.616,53.264,667.937,222.504,53.313,667.718,217,229,50,58,651,686,1668,35,74,5.7718,3.8715,81.0816,4.9763,3.7539,80.8193,365.0142,0.932,14.6543,270.9104,0.186,48.0467,26.8764,19.2743,23.9972,44.549667,22.980254,-261899.36,n
442635.178,348,134.231,403.023,1074.318,134.361,403.177,1073.74,130,140,400,407,1061,1091,863,30,51,5.3219,2.7221,-61.0048,5.1022,2.5822,-66.8238,190.5662,0.869,1.4587,294.065,0.2047,31.6857,22.4932,15.4321,26.1684,46.018715,28.811342,36983.034,n
442635.201,384,399.398,320.489,1083.544,399.402,320.15,1083.198,397,402,315,326,1070,1097,513,27,43,6.0108,2.1688,-4.6746,5.3874,2.0077,-3.0056,157.1891,0.9643,8.5422,351.6428,0.2256,30.7655,21.1618,16.1772,17.729,41.601356,27.42755,43944.8,n
443435.005,7,74.879,375.477,795.312,74.978,375.333,795.481,70,79,369,381,779,812,1266,33,69,5.767,3.7153,21.6042,5.2857,3.4594,20.6885,325.0515,0.8722,19.4813,26.3658,0.2201,41.5019,23.9808,17.3576,17.8679,47.008426,36.347294,-167850.27,n
443435.006,8,214.586,238.667,814.701,214.562,238.718,814.105,209,220,234,244,790,842,2005,52,78,5.6918,4.4408,75.8001,5.2789,3.8173,80.338,463.3233,1.0627,0,299.7673,0.2074,49.9006,37.1356,22.2058,0,44.682027,34.070368,-154140.21,n
443435.018,20,327.56,135.377,866.851,327.595,135.406,867.258,325,333,133,138,852,879,175,27,20,4.5495,1.5024,-59.3119,4.5051,1.6147,-60.333,42.3782,0.7269,0.9403,131.8876,0.1845,17.3678,20.4271,14.7144,24.7389,42.798147,32.348495,-115013.66,n
443435.172,272,337.086,4.404,1066.577,336.946,4.382,1065.912,332,343,1,10,1053,1084,1204,31,67,5.9021,3.2815,-59.0418,5.3137,3.075,-54.4803,345.1205,0.9926,18.0198,123.7416,0.2126,46.7881,23.2712,16.8346,20.6267,42.642292,30.164756,31220.718,n
603435.006,6,122.326,160.294,889.066,122.363,160.205,888.846,119,127,156,166,873,908,1211,35,59,4.8612,3.2277,18.3385,4.5865,3.1807,25.8022,259.199,0.785,22.0643,226.2597,0.2124,35.0722,27.385,17.7214,9.5622,62.218709,32.761808,-99121.608,n
841835.010,21,495.142,469.453,889.297,495.177,469.566,889.293,489,501,464,476,868,911,2831,43,110,6.0887,5.812,78.4791,5.7935,5.329,37.3495,710.4708,1.2034,22.117,239.6428,0.2248,59.4029,35.1297,23.8919,27.4363,79.703368,21.870637,-98793.085,n
841835.023,36,70.671,506.696,891.864,70.3,507.142,891.522,64,78,501,512,860,923,5157,63,129,7.3109,5.694,-74.5666,6.1981,5.1034,-57.0586,2234.3201,1.636,0,316.7873,0.1984,156.8044,49.4506,28.8339,0,87.332685,22.515792,-97152.168,n
841835.070,112,38.265,111.34,962.428,38.487,111.384,965.22,32,43,106,117,945,982,1752,37,75,6.2157,3.8357,-38.6858,5.47,3.2347,-30.2495,1049.6557,1.643,0,335.8601,0.2832,88.5515,30.1208,18.0118,0,87.757868,15.910729,-42901.294,n
1241835.002,3,307.827,14.792,549.992,308.115,14.91,550.285,302,312,9,20,526,576,1762,50,61,5.0425,4.05,52.7069,4.4988,3.4568,30.386,583.6678,1.2446,12.853,19.8233,0.2188,63.5384,41.0931,27.9948,37.7719,123.12296,14.3402,-348344.64,n
1241835.004,5,152.796,15.731,546.65,153.109,15.935,547.273,148,159,11,20,528,566,1224,38,57,5.7611,3.55,-48.3338,5.4291,3.2252,-60.3507,292.7946,0.958,12.7778,281.3966,0.1864,44.8953,25.5935,17.3906,24.8187,125.70641,14.35728,-350561.49,n
1241835.005,6,256.763,52.366,568.571,256.805,52.43,568.269,251,260,45,57,548,585,755,37,47,6.3219,3.7576,-2.4219,5.1133,2.753,-14.5271,228.0261,0.9738,9.7042,151.8813,0.2324,35.712,29.7681,15.8567,23.8603,123.97813,14.965527,-335106.3,n
1241835.006,7,346.422,102.983,547.068,346.034,102.983,546.977,343,352,101,106,531,564,474,33,25,5.7156,1.9972,-77.749,5.1603,1.7724,-80.4079,154.1507,0.9919,8.1499,281.9342,0.1898,37.3127,27.7238,20.5918,24.5465,122.49099,15.808076,-350779.78,n
1241835.010,11,321.099,114.28,551.962,321.157,114.167,551.631,315,329,106,121,531,571,2158,40,96,7.9262,5.1012,-49.9857,7.5117,4.3541,-54.2872,494.0297,0.8584,28.4789,137.5863,0.1856,57.3129,32.3813,21.0351,20.5279,122.90561,15.994488,-347353.57,n
1241835.011,12,257.52,16.269,566.25,257.258,16.56,566.562,255,266,9,21,539,596,1299,57,50,6.3366,4.8425,-37.2943,4.6251,3.5175,-19.5764,470.556,1.3592,5.5672,351.5274,0.2148,60.7768,47.7629,19.5643,52.0739,123.97059,14.367701,-336362.85,n
1241835.012,14,169.206,115.151,550.327,169.208,115.002,550.694,163,176,112,120,532,571,1542,39,68,6.5471,3.3994,-73.1487,6.7176,2.9573,-71.2985,323.1493,0.9752,0,282.7518,0.1863,44.1766,26.6176,15.0432,0,125.43809,16.008399,-348043.34,n
1241835.014,16,318.447,99.906,549.307,318.087,99.906,548.937,313,325,96,104,535,565,1257,30,66,5.9595,3.8058,72.4427,6.0082,3.6889,71.8814,259.0222,0.9825,10.3337,81.4,0.196,37.2738,23.9445,20.3442,23.4489,122.95676,15.7568,-349336.95,n
1241835.017,20,347.388,116.002,551.414,347.022,115.704,551.16,342,352,112,121,536,567,975,31,56,6.1474,3.9268,-62.4765,6.156,3.6234,-64.5808,260.7408,0.8006,14.2847,93.1141,0.1949,42.8405,27.375,20.1803,20.5059,122.47451,16.020096,-347700.19,n
1241835.018,21,256.113,36.097,566.315,255.735,35.663,565.319,251,263,30,44,537,595,3268,58,109,7.0984,5.3249,-18.9627,6.9955,4.6349,-32.416,931.1104,1.4522,0,325.505,0.2079,78.3622,43.1434,25.2255,0,123.99598,14.686079,-337277.35,n
1241835.020,26,245.09,116.347,566.277,244.768,116.23,566.576,239,251,113,122,544,591,2440,47,78,6.5367,3.8317,-74.5331,6.6126,3.543,-72.4909,567.3164,1.0256,17.8935,84.6781,0.1853,61.9728,39.3825,25.0331,32.946,124.17875,16.028871,-336352,n
1241835.067,111,6.577,353.381,981.27,6.577,353.338,981.461,2,14,350,359,966,998,1686,32,77,5.9689,3.9574,66.6068,5.6326,3.495,66.5735,384.1936,0.588,0,65.5654,0.1396,67.0198,23.3868,18.2898,0,128.14861,19.980667,-30946.188,n
1241835.189,341,301.99,6.044,1066.661,302.358,5.877,1066.023,295,310,2,13,1054,1081,1181,27,84,7.973,3.4161,53.689,7.6312,3.09,53.8906,300.7506,0.7851,16.969,83.0854,0.2086,41.9572,20.8486,14.6835,18.5503,123.21892,14.189639,31301.85,n
1241835.250,441,232.453,490.623,1065.08,232.424,490.807,1064.374,229,237,487,498,1052,1083,738,31,54,6.1163,2.8791,13.9753,5.036,2.8156,14.8803,205.607,0.8948,9.85,27.9083,0.2227,33.9855,21.4276,18.5856,20.8145,124.38449,22.271833,30088.423,n
1241835.252,444,98.218,507.015,1105.75,97.961,507.227,1104.272,93,108,502,512,1082,1131,3116,49,110,6.7151,5.1518,89.5876,5.6811,4.5974,74.3322,1018.9605,1.0683,0,222.0441,0.2249,81.1716,34.0325,23.3926,0,126.62554,22.545503,59458.086,n
1242635.042,60,437.986,338.712,962.886,438.108,338.752,962.607,433,444,335,344,942,984,2117,42,84,6.0616,4.3336,69.3287,5.591,3.7874,71.4051,532.8992,0.8176,13.9613,57.4332,0.1927,60.1004,35.2943,20.4077,29.6597,120.95642,27.737595,-44824.914,n
1242635.043,66,163.262,102.212,973.502,163.183,102.272,974.617,159,171,96,110,956,995,2272,39,110,7.7431,4.3078,28.7913,7.209,3.8968,27.8108,649.2531,1.1471,28.5272,192.5226,0.2224,61.2324,26.4679,16.4997,22.2153,125.53852,23.796246,-35983.921,n
1242635.052,83,506.279,250.532,970.425,506.238,250.468,970.883,502,511,246,257,947,995,2357,48,78,5.5191,4.4562,-15.8647,4.981,3.9089,-29.0778,592.9907,0.8363,38.038,302.157,0.211,57.8864,40.5511,33.2876,18.8988,119.82091,26.266188,-38732.749,n
1242635.054,86,306.87,3.626,971.303,306.899,3.203,971.515,301,313,0,11,957,991,1620,34,99,5.7184,5.3024,-87.4405,4.9685,4.8474,67.8436,619.1003,1.1362,65.9097,269.7226,0.2431,63.2617,22.0493,15.1771,6.5055,123.14324,22.145101,-38267.019,n
1242635.060,98,141.751,462.064,969.503,141.746,462.109,970.074,138,147,458,467,954,985,1215,31,62,5.5608,3.309,-39.8836,4.9934,3.0247,-38.8942,288.0953,0.9415,10.2915,116.4069,0.1834,45.0664,23.8611,18.4316,23.3245,125.89579,29.793544,-39328.026,n
1242635.063,107,192.502,470.657,965.819,192.531,470.776,966.03,189,196,467,476,953,976,542,23,43,4.9045,2.6689,-17.0617,4.4525,2.5756,-15.054,128.5171,0.7662,6.5281,339.2979,0.202,27.3226,19.6108,16.3162,19.1618,125.04938,29.937999,-42305.181,n
1242635.222,380,354.505,286.836,1088.066,354.48,286.718,1087.945,347,363,281,295,1062,1115,5373,53,157,7.7108,6.4822,-67.6942,6.8887,5.8791,-67.5392,1413.0239,1.0977,0,252.3718,0.1969,97.9249,37.2663,20.4431,0,122.35021,26.870357,47439.294,n
1242635.247,427,374.26,416.647,1104.243,374.349,416.611,1103.54,370,381,414,420,1085,1128,1393,43,54,6.2413,2.7034,76.1707,5.2448,2.3901,80.2516,317.815,0.865,0,251.3564,0.1995,42.6763,32.584,17.2648,0,122.01907,29.035247,58919.313,n
1243435.017,24,244.19,23.178,904.748,244.172,23.228,905.237,238,252,19,28,882,926,2555,44,98,6.994,4.2312,-86.6396,6.2815,3.6735,-85.5566,596.5469,0.8608,22.8683,284.9045,0.1797,65.6841,32.6508,23.1341,27.198,124.18869,30.478861,-87055.963,n
1243435.051,77,495.501,357.418,979.963,495.589,357.636,981.604,493,499,352,366,959,1002,1334,43,58,7.2291,2.2688,-5.447,6.1056,2.0698,-5.7623,596.7337,1.7719,19.2751,347.428,0.2941,55.5619,37.7399,27.4094,33.9943,119.9984,36.052337,-30840.703,n
1243435.179,360,39.171,370.875,1084.668,39.078,370.739,1083.9,34,46,365,379,1067,1102,2742,35,119,7.85,4.7247,39.5004,7.3662,4.5271,43.7121,666.2578,1.0224,19.2204,80.0584,0.2041,62.3456,28.3373,21.0115,27.9873,127.60692,36.27072,44461.841,n
1400235.006,6,365.457,372.034,553.199,365.677,372.082,554.197,362,371,368,377,530,579,1581,49,58,4.5596,3.8393,-48.5468,4.1576,3.6158,-33.1469,454.4584,1.4545,0,303.339,0.2356,48.5217,40.2714,26.2032,0,138.16364,4.2930369,-345464.74,n
1400235.011,12,441.496,181.254,554.746,441.637,181.279,555.649,438,446,174,187,537,572,1683,35,76,6.4068,3.9373,22.1014,5.9137,3.9248,17.3925,358.3617,1.0473,14.8845,158.7342,0.2131,41.0001,28.8415,19.9522,25.6122,136.89763,1.1129874,-344395.69,n
1400235.018,19,174.081,372.725,558.725,173.912,372.914,558.913,170,179,367,379,534,584,2146,50,68,5.2781,3.8265,-5.9493,4.5986,3.4143,3.3974,559.318,1.1812,15.9615,20.1574,0.1834,65.8389,39.3918,29.1962,35.8057,141.35972,4.3069099,-341993.32,n
1400235.019,20,71.33,373.04,560.701,71.371,373.2,561.058,66,76,367,380,536,589,3678,53,99,6.6632,4.679,8.6906,6.0614,4.2608,15.5356,952.5278,1.2345,38.0823,210.6771,0.1787,87.8703,44.1681,34.8052,34.4907,143.06875,4.3116813,-340413.9,n
1400235.021,23,185.722,207.329,556.927,185.854,207.287,556.784,182,190,202,214,535,580,2013,45,69,6.8435,3.237,8.0877,6.5838,2.9968,11.1203,436.9273,0.7793,11.6589,15.1198,0.185,52.6457,36.4349,27.5862,33.4335,141.16069,1.5464588,-343560.5,n
1400235.035,39,302.564,183.65,560.762,302.799,183.552,561.276,299,306,178,189,543,582,1160,39,54,5.755,2.8732,4.5653,5.319,2.6769,0.6865,303.0708,0.8705,11.7292,178.5912,0.2096,42.4483,27.1449,16.2431,25.8513,139.21161,1.1508728,-340253.97,n
1400235.040,48,165.166,305.745,559.113,164.584,305.971,559.553,160,172,301,310,543,576,1515,33,75,6.4346,4.1308,-84.4778,6.3391,4.1115,84.4753,342.5578,0.8587,7.2857,63.9565,0.1895,46.4382,24.3099,20.0977,28.0721,141.51519,3.1911913,-341521.98,n
1400235.050,64,124.913,372.664,575.237,124.75,372.768,574.773,120,133,364,382,549,603,4269,54,131,7.9726,5.5579,18.5079,7.0828,4.9209,16.903,898.8384,0.9284,21.1726,40.4307,0.1517,90.6685,43.6425,28.1472,38.1876,142.17909,4.3044759,-330318.47,n
1400235.061,78,129.732,136.062,990.726,129.593,136.004,991.771,127,135,129,142,973,1007,1228,34,63,7.2653,3.1283,-30.26,6.8992,2.8774,-30.092,323.0767,0.8328,31.8358,135.2401,0.2028,45.4631,25.7992,15.7568,9.3853,142.09837,0.35840235,-23356.351,n
1400235.062,79,49.406,175.695,577.359,49.191,175.53,577.313,46,54,169,182,552,602,2016,50,74,6.7583,3.6275,10.9701,5.2679,3.1103,7.8212,499.3133,0.8715,0,197.6817,0.1752,63.4578,37.1443,25.6467,0,143.43841,1.0171657,-328448.35,n
1400235.065,82,385.575,371.002,578.542,385.273,371.148,578.285,378,394,364,378,550,606,4999,56,158,7.8529,6.2752,82.6227,8.4372,5.7905,76.1856,1258.0716,1.178,27.3241,272.6601,0.2064,86.2191,37.9887,28.3085,37.1991,137.83704,4.2774754,-327733.14,n
1400235.225,380,474.668,398.392,1135.629,474.783,398.135,1135.901,468,482,392,405,1115,1156,3775,41,146,7.0986,6.2332,-37.1239,6.4387,5.7494,-49.2862,928.9387,1.0394,27.4903,92.5645,0.1829,82.676,27.1688,16.4473,26.6025,136.3452,4.7272591,82740.928,n
1400235.230,388,364.344,117.563,1145.213,364.419,117.52,1144.799,361,368,113,123,1129,1162,1073,33,54,4.8456,3.1884,9.723,4.698,3.0278,8.9343,233.1257,0.7183,7.5881,0,0.2179,32.6577,27.8296,18.8568,27.6191,138.18461,0.050327234,89290.885,n
1400235.235,393,113.317,101.587,1174.412,113.298,101.599,1174.126,110,117,96,111,1157,1189,1088,32,65,7.3759,3.0097,5.8582,6.8948,2.6899,7.3969,211.3798,0.8475,14.1469,6.0954,0.1851,34.6144,25.2902,20.402,20.8092,142.36996,-0.21501047,110879,n
1400235.247,410,468.698,180.12,1400.718,468.719,180.018,1401.188,462,477,173,189,1376,1431,3410,55,108,7.9197,6.2803,-35.5816,7.8823,5.6728,-27.1951,1028.4993,1.2394,33.8768,146.8921,0.2054,85.7653,43.9915,31.5222,33.2844,136.44626,1.0919655,278024.73,n
1400235.249,412,424.996,371.76,1406.265,425.066,371.75,1405.676,421,431,367,378,1374,1436,3386,62,79,5.8521,3.9461,-22.6027,5.4692,3.4939,-17.8119,943.2372,1.1451,13.8572,335.6119,0.1995,81.2704,51.6122,38.2339,53.0381,137.17382,4.2875134,281328.75,n
1400235.255,418,437.898,372.438,1396.249,438.207,371.924,1396.838,434,444,369,378,1376,1421,1279,45,51,4.8291,3.9877,-2.7837,4.6291,2.9535,22.443,422.2486,1.4871,39.6142,197.2584,0.2082,56.6975,35.6046,26.7889,6.3437,136.9548,4.2904008,274822.9,n
1400235.258,421,340.519,182.501,1402.914,340.486,182.644,1402.901,333,348,177,188,1380,1429,2549,49,101,6.9305,5.305,-87.5481,6.1898,4.5868,-89.1944,967.6995,1.5025,0,261.6658,0.2374,80.7311,38.8792,26.1783,0,138.58349,1.1357424,279285.62,n
1400235.260,423,392.512,181.224,1399.783,392.601,180.998,1399.769,390,398,176,189,1377,1429,2070,52,66,7.4364,3.3018,5.901,6.9851,2.922,0.8783,560.2209,1.0746,21.4661,180.4298,0.2064,59.6637,42.7285,32.4647,32.6089,137.7149,1.1083095,276980.57,n
1400235.263,426,414.771,373.65,1402.963,414.406,373.471,1403.126,410,420,369,379,1380,1427,1682,47,59,5.2131,3.3113,-47.4155,5.2333,2.9209,-45.8724,443.1415,1.0191,3.3652,327.6001,0.1942,55.6339,38.9452,31.0734,42.1156,137.35147,4.3161978,279451.56,n
1400235.271,435,44.104,373.13,1409.645,43.987,373.166,1409.776,42,48,369,379,1389,1430,969,41,39,5.7485,2.2805,-17.6567,5.2754,2.0402,-19.655,268.2692,0.8265,2.4123,337.9484,0.1469,58.6619,33.8833,24.6123,38.7927,143.52514,4.311103,284346.52,n
1400235.276,440,461.565,372.042,1417.543,462.084,372.221,1416.207,456,467,370,375,1391,1442,1492,51,47,5.8258,2.4549,-88.8087,5.4737,2.1618,-86.4438,449.7331,1.1061,7.1994,87.1061,0.1922,60.5654,45.4543,33.3071,43.5486,136.55685,4.2953593,289080.73,n
1400235.277,441,380.645,183.085,1410.328,380.608,183.061,1410.533,376,386,181,187,1392,1432,814,40,33,4.7244,2.4551,-81.2303,4.035,2.2444,-80.8615,247.3757,0.898,10.7606,290.9556,0.2067,41.9444,34.4832,23.9042,27.2852,137.91479,1.1426801,284903.71,n
1401035.007,7,254.516,345.754,557.608,254.465,345.585,558.498,247,262,340,354,531,586,5210,55,147,7.9824,5.9302,-83.9084,7.4232,5.2421,-89.8837,1315.8384,1.105,0,242.2225,0.1956,93.2191,45.2185,31.2438,0,140.01717,11.851442,-342298.72,n
1401035.009,9,358.817,348.14,556.594,358.69,348.036,556.62,354,365,340,358,529,587,4111,58,122,7.9269,4.8985,-15.7619,7.1812,4.3817,-11.3947,981.4745,1.0145,8.38,157.2313,0.195,78.496,38.3577,26.5537,47.4832,138.28009,11.892296,-343680.88,n
1401035.013,15,430.757,472.289,553.049,430.596,472.172,553.276,426,436,468,477,531,572,1482,41,60,5.9967,3.4523,-70.8528,6.0439,3.0987,-68.3094,333.4752,0.8088,0.6385,293.7381,0.1876,46.1795,34.5853,17.5982,38.9524,137.08165,13.961234,-346142.34,n
1401035.016,18,148.054,347.517,559.761,147.975,347.498,560.204,143,152,342,353,534,587,2369,53,70,6.0668,3.7509,31.6557,5.5237,3.2397,25.364,608.8666,0.9579,12.9348,30.3636,0.1942,64.4039,40.4053,29.1125,39.9323,141.79201,11.883327,-341042.83,n
1401035.019,21,83.824,399.407,563.798,83.394,399.21,563.921,77,91,394,406,535,598,5523,63,133,7.5129,5.5847,79.4684,7.3847,4.8877,81.4258,2020.2688,1.8057,34.2054,252.7171,0.2056,132.2148,50.3706,35.9239,48.266,142.86836,12.745184,-338306.46,n
1401035.020,22,501.939,33.874,557.226,501.457,33.805,557.705,497,510,30,38,535,579,1834,44,72,7.5488,3.478,-86.9174,7.5893,3.0976,-85.549,461.7887,1.1652,0,273.425,0.1869,57.695,32.193,22.8691,0,135.90062,6.6550915,-342882.65,n
1401035.022,24,471.695,214.587,561.037,471.061,214.4,559.977,467,480,210,220,535,588,2627,53,80,7.0127,3.6771,-69.4045,6.3375,3.3518,-72.3731,717.6572,1.1116,16.0018,293.0436,0.177,79.1143,42.1382,25.8249,41.4902,136.40722,9.6650131,-341209.6,n
1401035.023,25,73.933,349.326,555.204,74.083,349.285,555.878,68,81,342,356,536,580,2157,44,100,6.8165,6.2598,-15.8321,6.5929,5.3798,21.4016,794.8499,1.3642,28.7715,224.1578,0.2218,77.1721,32.3402,23.8594,29.7804,143.02354,11.913111,-344227.24,n
1401035.030,33,435.962,434.644,557.52,435.662,434.503,557.453,431,442,431,440,536,580,1614,44,57,6.7055,3.3309,-75.9021,6.4529,2.8169,-74.2833,469.722,1.1113,11.876,285.2508,0.1887,61.9744,35.3483,28.647,33.2018,136.99721,13.333402,-343067.68,n
1401035.033,37,230.682,348.899,565.177,230.068,349.129,564.952,226,240,343,355,540,588,2040,48,78,7.9296,4.8939,80.6639,7.0417,4.1983,74.4667,590.8922,1.2403,47.8478,239.1108,0.186,70.3376,37.8479,26.6854,9.4792,140.42378,11.910507,-337547.54,n
1401035.037,41,124.965,347.741,571.688,124.564,347.486,571.701,117,133,342,358,543,602,4405,59,133,7.9869,7.517,-26.8292,8.4433,7.2479,-40.3854,1282.4918,1.2757,0,320.9408,0.1972,97.9909,41.906,26.0696,0,142.18218,11.883131,-332579.43,n
1401035.038,42,350.843,384.261,556.843,350.462,384.012,557.476,347,356,381,388,539,579,970,40,40,5.0188,2.8638,-80.6918,4.3448,2.5937,-74.936,279.6154,1.1417,9.1315,21.979,0.2058,43.6162,30.1763,27.1919,28.1917,138.41722,12.491892,-343051.11,n
1401035.047,57,419.04,346.05,566.481,419.197,345.999,566.062,413,425,343,352,543,587,1548,44,61,6.157,3.578,65.5086,5.7436,3.1989,64.5741,403.0303,0.9209,0,70.4312,0.1922,53.3061,39.4588,24.2426,0,137.27163,11.858346,-336730.68,n
1401035.049,59,359.81,448.243,561.641,360.018,448.319,561.937,356,365,446,452,545,581,680,36,29,4.8439,1.7321,-63.8847,4.3699,1.5689,-67.5365,178.914,0.8042,7.0247,292.7094,0.193,35.5405,31.4826,24.2803,27.5666,138.25796,13.56367,-339767.3,n
1401035.050,60,382.962,350.004,578.495,382.781,349.987,578.142,379,389,345,356,557,601,1640,44,64,6.1959,3.7374,-48.5738,5.2949,3.4244,-55.0304,381.1235,0.9492,5.4687,279.9785,0.1993,47.2273,34.8197,16.5594,35.6494,137.87857,11.924801,-327838.15,n
1401035.056,67,308.109,346.289,577.008,308.218,346.522,576.238,302,315,342,353,550,600,2621,50,89,6.6567,4.6803,-68.0679,7.0652,4.3281,-61.5313,630.4248,1.2128,0,118.5856,0.191,64.4746,35.7209,29.3762,0,139.12128,11.867052,-329239.67,n
1401035.057,68,90.782,346.723,571.307,91.077,347.221,570.888,86,96,342,354,552,592,1373,40,62,7.1585,4.1816,-30.0784,7.8598,3.7615,-31.1879,379.8483,1.011,4.8496,150.0829,0.2051,49.9761,33.4772,22.039,35.6782,142.74031,11.878713,-333178,n
1401035.061,73,61.206,346.574,569.445,61.323,346.548,569.319,57,66,343,351,547,595,1543,48,53,4.7059,3.9186,-62.0645,4.5261,3.4583,-76.3676,355.51,0.8054,0,92.5862,0.2026,44.6677,40.425,26.3007,0,143.2362,11.867482,-334333.07,n
1401035.077,110,395.697,347.766,580.42,395.564,347.908,579.987,391,402,343,353,557,603,1791,46,71,5.4494,4.3646,71.4977,5.5953,4.0876,63.3691,408.0508,0.9057,21.3529,51.8343,0.1941,49.6722,28.8453,22.7064,23.0798,137.66552,11.890161,-326480.25,n
1401035.227,387,21.67,492.863,1059.723,21.692,493.055,1059.753,18,27,486,501,1042,1080,2396,38,97,7.8729,3.6345,20.6361,7.1375,3.3285,18.8715,531.9548,0.7274,8.0063,26.2057,0.1843,58.9561,31.9054,21.999,32.475,143.89673,14.309281,26686.95,n
1401035.240,407,480.41,478.468,1071.561,480.55,478.549,1070.875,473,487,475,482,1052,1093,1813,41,67,6.8676,3.1256,77.3297,6.0408,2.9398,78.1647,399.8293,0.7733,15.0323,93.5788,0.1925,48.7709,30.4783,24.4156,28.1637,136.24908,14.067515,34873.617,n
1401035.247,415,230.875,412.354,1096.225,230.765,412.365,1095.932,224,240,409,417,1078,1115,2009,37,90,7.8936,3.5139,73.7161,7.0639,3.1773,74.44,472.2902,0.8193,22.4031,308.5232,0.1842,57.203,28.1409,18.7416,25.0906,140.41216,12.964445,53318.643,n
1401035.255,425,493.162,428.057,1131.775,493.16,428.177,1131.49,486,499,423,435,1114,1149,2193,35,111,6.868,5.1391,65.3692,6.0873,4.787,67.014,480.1091,0.8766,12.8187,128.7627,0.1819,56.3525,25.2488,16.3671,25.4268,136.03891,13.227971,79493.978,n
1401035.256,426,480.75,449.56,1118.344,480.63,449.612,1118.543,476,486,443,457,1101,1137,1719,36,82,7.5159,3.521,34.2004,6.7328,3.2015,33.7144,370.8151,0.8971,0,205.1365,0.1794,49.8564,28.2736,22.6395,0,136.24774,13.585226,69963.222,n
1401035.258,430,238.137,496.088,1116.295,237.999,495.725,1116.933,234,244,489,501,1103,1139,614,36,50,7.2217,2.5538,-34.5747,6.7313,2.5085,-34.4379,138.8918,0.8049,5.4799,133.901,0.1806,31.0903,29.2275,22.4464,28.5327,140.2916,14.353786,68778.427,n
1401035.259,431,174.368,454.965,1135.327,174.349,455.003,1135.783,168,180,448,463,1112,1159,2985,47,106,7.6084,4.1019,30.0553,6.7662,3.8616,30.1331,632.8803,0.8479,36.5859,65.7377,0.1999,57.9554,35.6548,22.6679,22.4442,141.35245,13.675076,82654.003,n
1401035.262,434,78.568,63.037,1122.854,78.567,63.01,1122.939,73,86,58,68,1105,1144,2219,39,93,5.9091,4.5984,-86.6351,5.5153,4.1536,-85.4094,453.7415,0.807,32.7123,268.4122,0.1857,51.8711,29.0253,17.5925,16.6954,142.94881,7.1418493,73199.62,n
1401035.265,437,291.951,85.831,1157.66,291.924,85.977,1157.185,288,298,80,92,1142,1177,1139,35,60,7.1941,2.4248,-38.3366,6.581,2.2725,-38.9045,239.1404,0.7551,5.8076,139.7616,0.183,38.7182,30.4006,23.4469,30.5954,139.39285,7.5246281,98408.808,n
1401035.268,440,240.387,53.983,1130.679,240.248,53.951,1130.612,236,246,49,60,1108,1156,1761,48,69,4.9365,4.2332,-63.0688,4.261,4.1603,-54.6393,368.0544,0.9029,14.2512,343.4859,0.2148,40.8311,33.2571,16.9333,28.9639,140.25412,6.9908673,78847.901,n
1401035.276,448,311.162,367.81,1167.154,311.395,367.726,1167.743,307,317,365,372,1151,1185,754,34,50,5.2282,2.7586,74.9106,4.9047,2.3735,72.5755,177.2325,0.7775,0,239.2336,0.1769,36.4855,26.932,16.436,0,139.06834,12.220454,106180.37,n
1401035.285,457,500.625,348.903,1405.535,500.775,349.109,1405.205,495,505,342,355,1378,1430,2370,52,77,6.5478,4.3813,4.8162,6.0943,3.6856,0.0473,635.9787,1.3019,13.0236,165.5662,0.195,67.0018,41.0493,27.8087,37.7624,135.91199,11.910168,280981.86,n
1401035.287,459,134.762,399.587,1407.282,134.78,399.885,1407.357,127,142,396,404,1378,1436,4025,58,102,7.7146,4.1329,-83.8747,6.9256,3.9253,-86.3714,1180.993,1.2931,0,96.4568,0.1856,100.2953,44.2053,26.5243,0,142.01192,12.756444,282565.9,n
1401035.289,461,224.734,399.821,1404.372,224.682,399.659,1404.347,221,231,394,406,1385,1429,2254,44,84,5.7287,4.9013,-11.2458,5.3018,4.8389,-3.5029,484.7915,0.8258,36.6086,253.5663,0.1912,53.4124,36.892,28.2994,11.6257,140.51356,12.752681,280350.47,n
1401035.293,465,261.616,399.478,1410.101,261.543,399.323,1409.855,255,269,396,404,1386,1437,2366,51,71,7.2341,3.2845,82.5017,7.1078,2.8758,81.2498,637.8846,1.2224,0,75.7605,0.1964,66.7594,42.421,32.6474,0,139.8992,12.747079,284404.7,n
1401035.294,466,129.761,346.99,1411.226,129.452,347.312,1412.245,127,134,344,351,1389,1438,716,49,28,4.7056,2.1124,48.6517,4.8082,1.9768,53.2971,230.7113,1.0138,8.2389,56.0592,0.1887,45.6815,45.2782,22.5554,31.7422,142.10072,11.88022,286164.16,n
1401835.002,3,420.687,37.275,559.096,420.058,37.171,559.309,416,428,32,43,532,587,2655,55,83,6.2657,5.1082,-67.1024,5.298,4.9323,-0.4509,707.08,1.0064,19.9183,25.0942,0.1861,73.7435,43.3406,29.4158,31.9314,137.25729,14.711219,-341701.62,n
1401835.003,4,410.854,117.658,558.383,410.684,117.625,558.582,403,417,112,126,532,583,4261,51,131,7.3325,6.3325,-55.8808,7.6954,5.3923,-69.4413,1046.6614,0.9373,61.1089,104.223,0.1847,86.8183,39.7331,30.3685,16.8601,137.41351,16.052119,-342236.46,n
1401835.004,5,367.92,36.031,554.291,367.479,36.208,555.354,365,372,32,41,533,580,1254,47,47,4.6619,3.2194,19.4524,4.2774,2.7888,41.7397,318.56,0.9962,24.3597,58.1713,0.1845,48.7507,32.3058,20.6817,13.3613,138.13359,14.695165,-344612.7,n
1401835.005,6,418.221,54.65,556.338,417.722,54.757,555.829,414,425,51,59,534,581,1487,47,54,6.543,2.9121,74.6908,5.5915,2.6219,75.1704,379.7991,0.8584,9.2623,68.5697,0.1848,53.294,38.6649,15.241,38.5008,137.29622,15.004309,-344263.4,n
1401835.009,10,415.911,72.128,555.405,415.507,72.097,555.156,412,421,69,75,537,577,973,40,43,5.3161,2.8024,85.3796,4.9381,2.565,88.9252,251.2281,0.9228,0,281.6678,0.1845,43.6452,28.264,25.0533,0,137.33313,15.293317,-344758.87,n
1401835.010,11,385.221,116.733,560.829,385.43,116.735,560.445,379,392,111,122,538,586,3523,48,103,6.6905,4.8927,-67.828,7.0303,4.2987,-72.3415,751.4809,0.9094,15.9337,106.1218,0.1857,68.1637,39.6483,28.7961,39.3043,137.83441,16.037279,-340865.4,n
1401835.016,17,42.584,84.492,560.346,42.396,84.364,559.796,39,48,82,88,541,579,853,38,36,5.582,2.3349,-77.0115,5.5024,2.1025,-77.1246,238.838,0.8968,2.0962,283.3612,0.1982,41.2612,29.2854,19.2754,35.598,143.55166,15.49776,-341343.46,n
1401835.017,21,39.585,117.572,563.532,39.453,117.626,563.414,33,45,112,124,540,587,2312,47,86,6.8953,5.0741,82.9034,6.4481,4.3355,85.4296,500.0343,0.7863,19.8126,266.742,0.1681,61.8735,38.2668,22.7355,30.0772,143.60072,16.052135,-338679.63,n
1401835.020,24,382.132,102.315,559.537,382.007,102.369,560.016,377,389,98,108,543,580,1618,37,78,6.4905,4.4299,59.854,5.9575,4.1917,55.733,332.5837,1.0343,0,235.9759,0.1924,42.9668,31.7465,24.7255,0,137.89146,15.797844,-341181.38,n
1401835.251,446,239.551,95.937,1069.271,239.543,96.033,1069.326,235,245,90,102,1049,1090,1623,41,87,6.3434,4.0043,-26.9938,6.3035,3.5569,-25.3945,359.5911,0.8299,0,175.5962,0.1833,48.6955,32.3126,20.2048,0,140.26587,15.692256,33733.399,n
1401835.255,451,177.157,50.801,1112.527,177.227,50.552,1111.875,174,181,45,57,1097,1129,1099,32,55,6.6118,2.5538,11.9691,6.286,2.3185,13.6104,239.5354,0.7679,23.4798,14.3396,0.1908,37.8782,24.7514,17.1087,11.6978,141.30447,14.934232,65054.518,n
1401835.261,459,319.389,78.998,1099.637,319.362,78.994,1099.748,316,326,75,82,1084,1117,568,33,34,6.0358,2.0073,62.9169,5.2449,1.7713,64.3757,138.3936,0.783,4.8293,240.3502,0.1723,33.6926,27.5269,19.6371,27.1326,138.93555,15.408271,56128.205,n
1401835.269,469,507.93,169.608,1057.313,508.152,169.656,1056.662,503,512,162,177,1038,1080,2552,42,90,7.8594,3.5797,21.3457,6.8782,3.2508,22.9347,699.5683,0.8396,32.1247,39.2066,0.16,86.555,34.992,24.1541,24.0106,135.78905,16.919293,24411.57,n
1401835.273,475,21.705,13.16,1058.658,21.71,13.222,1058.831,18,26,7,21,1041,1077,1884,36,79,7.3797,3.4033,19.2895,6.6681,2.9886,17.5684,404.5036,0.6995,1.5327,21.0089,0.1541,60.4723,28.6834,21.3333,32.9247,143.89643,14.312055,26007.731,n
1401835.291,496,238.099,15.931,1118.355,237.966,15.604,1119.086,234,245,8,22,1103,1142,899,39,67,7.8997,3.059,-32.7006,7.8771,2.8764,-31.9808,204.918,0.8041,2.4055,135.2592,0.1779,38.4135,33.0343,22.4477,36.6261,140.29216,14.351754,70363.387,n
1401835.301,507,409.953,117.186,1401.685,409.837,117.184,1401.4,405,418,114,122,1382,1422,1708,40,66,6.5058,3.3053,78.0033,6.357,2.9252,77.0644,410.3665,1.1441,20.7558,69.6709,0.1846,53.8021,33.5123,24.3828,24.5958,137.42764,16.04477,278180.61,n
1402635.032,51,218.541,355.349,919.003,218.686,355.282,919.608,215,223,352,359,903,934,867,31,41,4.6995,2.7125,56.6035,4.2869,2.5348,61.4814,224.3692,1.0877,8.9482,72.61,0.2239,34.0267,25.4774,15.7827,25.1401,140.6135,28.013082,-76477.458,n
1402635.033,54,236.677,337.213,924.046,236.732,337.282,924.31,233,241,333,342,907,943,1206,36,53,4.9559,3.1608,37.1853,4.5314,2.8271,41.6089,298.1617,0.9253,9.1612,30.5734,0.1855,46.2925,29.8811,22.1877,25.0292,140.31273,27.71309,-73015.73,n
1402635.051,85,237.927,247.218,945.463,237.924,246.902,946.048,232,246,240,255,929,964,2795,35,138,7.4902,6.045,-15.3585,6.2098,5.114,-4.7428,907.6684,0.9121,0,3.7728,0.1917,89.5564,25.2597,16.5937,0,140.29285,26.206744,-57013.999,n
1402635.054,88,166.35,266.559,929.166,166.239,266.603,929.133,161,171,263,272,913,948,1285,35,62,5.6236,3.5883,-49.0842,4.789,3.2464,-44.1085,336.2059,0.7911,14.1381,131.1517,0.183,51.2489,26.7349,23.0792,25.7828,141.48761,26.5351,-69465.76,n
1402635.070,112,322.237,477.592,971.528,322.229,477.51,972.096,317,329,472,484,949,993,3064,44,108,5.92,5.5948,-0.9234,5.2309,4.8779,24.6185,950.696,0.9969,40.8181,205.8652,0.2147,79.993,35.9894,19.2704,21.538,138.88777,30.050231,-37839.878,n
1402635.082,129,375.292,347.068,971.997,375.295,347.038,972.173,370,381,342,354,954,991,2302,37,94,6.1574,4.8651,30.0962,5.4244,4.4493,34.4305,652.4339,0.8488,9.4165,204.1344,0.1758,77.3416,28.7776,19.2536,30.7787,138.00333,27.875689,-37782.64,n
1402635.145,228,251.656,36.432,1074.759,251.705,36.466,1074.765,244,258,34,41,1052,1096,1864,44,69,6.6247,3.3578,-89.9154,5.5595,2.8973,86.8287,441.4942,0.955,25.8395,92.9808,0.1674,61.0864,34.5453,15.4093,15.2702,140.06316,22.699484,37737.52,n
1402635.195,295,397.632,207.242,1051.552,397.802,207.099,1051.008,393,404,204,211,1036,1068,987,32,50,5.175,2.8208,78.4729,4.789,2.6074,75.7962,204.7669,0.7545,0,203.0839,0.1774,36.7491,25.6539,17.0355,0,137.62822,25.543375,20249.274,n
1402635.220,341,12.432,451.255,1094.251,12.536,451.209,1093.991,5,18,443,458,1077,1115,2925,38,130,7.5627,5.6157,24.9496,6.8124,4.9486,17.5698,628.6645,0.786,28.6837,190.985,0.1849,62.8722,27.7773,16.9164,21.9715,144.04934,29.611873,51890.125,n
1402635.230,358,7.195,279.089,1081.561,7.235,279.045,1081.918,3,12,275,284,1061,1102,1736,41,68,4.847,4.2304,35.844,4.4239,3.8226,14.6654,348.7155,0.7022,15.5481,108.8822,0.1508,55.5145,29.4608,24.732,25.6618,144.13768,26.742469,43002.54,n
1403435.014,21,65.873,372.533,919.161,65.83,372.439,918.921,61,71,369,378,905,937,942,32,53,5.1682,3.0893,-46.1108,4.8328,2.8626,-41.2377,180.815,0.6764,6.6244,0.7045,0.1988,29.6318,25.2645,15.5807,24.8711,143.16109,36.299052,-76983.235,n
1403435.025,33,230.181,201.346,933.786,230.318,201.333,934.094,223,238,196,208,914,955,3940,41,135,7.8251,5.3751,70.6388,7.4839,4.6523,73.1809,814.7436,0.7917,41.4673,65.4147,0.1711,75.876,32.4755,22.0364,21.8828,140.41963,33.447277,-65813.809,n
1403435.029,37,158.862,238.422,943.082,158.858,238.356,943.247,151,167,234,243,923,963,2109,40,102,7.2787,4.706,-86.3814,6.2317,4.2953,-82.3227,453.8303,1.0588,26.9296,82.2259,0.2076,47.6107,30.2266,18.0666,19.3636,141.61063,34.064337,-59075.966,n
1403435.128,199,175.176,233.167,1083.629,175.238,233.245,1083.811,171,180,230,238,1065,1103,1233,38,55,5.0032,3.3456,51.4338,4.706,2.9475,53.6589,280.8912,0.894,3.7316,241.2061,0.2026,39.478,23.4261,21.3146,34.1724,141.33762,33.979149,44395.967,n
1403435.149,237,126.058,268.243,1065.397,125.941,268.242,1064.732,120,133,263,274,1044,1091,3389,47,125,7.0813,5.3765,69.5832,6.4375,4.6234,68.7841,827.7933,1.2854,52.1605,243.5033,0.1889,75.2641,29.9219,20.3514,18.2887,142.15924,34.562438,30351.606,n
1403435.167,265,201.322,341.819,1150.98,201.238,341.867,1151.074,197,206,339,346,1137,1166,637,29,40,5.1695,2.2996,58.6441,5.0295,2.0888,58.2756,141.3993,0.8103,7.7652,55.5581,0.1917,29.2245,20.6897,15.8185,19.0769,140.90428,35.789523,93910.035,n
1403435.171,271,502.671,384.678,1125.984,502.577,384.698,1126.802,499,509,379,392,1105,1147,2020,42,82,5.9998,4.8678,-0.0392,5.4036,4.1967,5.7303,431.0576,0.9049,0,205.5441,0.2019,47.5098,33.6231,28.7144,0,135.88196,36.503381,76043.107,n
1403435.203,310,415.441,388.699,1126.365,415.347,388.608,1126.284,412,422,386,392,1110,1142,757,32,41,4.8299,2.3967,-73.9403,4.786,2.2201,-68.5966,164.2239,0.7175,0,299.3376,0.1987,30.0424,21.7238,16.0992,0,137.3358,36.568544,75661.791,n
1403435.206,313,271.611,235.368,1228.365,271.46,235.47,1228.456,265,277,232,241,1206,1253,1306,47,71,6.6877,3.398,68.0988,5.3826,3.0171,71.0894,330.6407,1.2059,26.1921,80.0065,0.2505,36.5175,33.3108,17.6703,17.271,139.73392,34.016232,150872.63,n
1403435.207,314,265.246,193.838,1195.249,265.28,193.686,1195.353,261,270,190,201,1176,1214,1531,38,72,5.221,4.2627,-33.1736,4.4656,3.6773,-54.3461,345.6727,1.0332,15.328,72.6211,0.1592,55.4996,26.5936,15.8375,23.6777,139.83692,33.319828,126504.73,n
1560235.124,205,461.899,359.717,1056.8,461.866,359.754,1056.741,459,466,355,366,1035,1078,1699,43,67,5.6992,3.5065,2.7618,4.9915,3.1805,2.0039,417.4298,0.909,7.5497,196.4173,0.1928,52.5325,34.3939,20.3443,35.8163,152.5605,4.0875668,24469.261,n
1560235.143,230,363.511,475.87,1204.011,363.546,475.886,1203.524,356,371,470,483,1182,1226,3328,44,125,7.8429,4.7852,-51.7229,7.0921,4.4823,-47.5734,618.9652,0.8688,23.9826,336.8838,0.1815,59.1266,30.1102,23.8562,25.9513,154.19919,6.0231136,132519.85,n
1560235.151,239,321.509,296.563,1069.304,321.583,296.731,1069.449,318,329,292,302,1050,1087,1424,37,74,5.8952,3.9319,-41.1419,5.2289,3.6979,-43.3505,384.6167,0.8691,19.7153,307.2421,0.21,48.5396,28.8276,17.0841,18.9656,154.89857,3.0371811,33823.853,n
1560235.155,246,326.775,273.26,1077.786,326.724,273.256,1076.605,323,331,268,279,1059,1097,1441,38,64,5.9813,3.0989,-24.4456,5.4347,2.7502,-22.5864,404.2223,0.9475,20.5437,170.4149,0.1986,53.619,29.9557,18.8658,19.7805,154.81289,2.6459415,39092.067,n
1560235.171,267,163.139,286.974,1142.298,163.298,287.029,1142.619,159,169,282,293,1127,1158,1314,31,72,6.0611,3.6864,-42.284,5.9256,3.3799,-44.5379,273.1715,0.7325,17.1153,135.2674,0.1974,38.1692,20.9143,15.7329,17.1374,157.53665,2.8754929,87685.858,n
1561035.015,23,113.504,242.835,943.77,113.536,242.796,943.722,109,119,240,246,931,960,678,29,41,4.5556,2.2361,-64.4559,4.3516,2.2017,-67.9317,157.9052,0.882,6.0794,309.2959,0.2406,25.2051,22.7704,19.2419,22.4619,158.36602,10.138282,-58726.323,n
1561035.016,25,99.95,243.452,944.49,99.924,243.46,944.402,96,106,240,247,929,961,1003,32,56,4.808,3.1864,-74.7722,4.3391,2.9861,-73.0586,248.4767,0.8474,11.8642,286.8373,0.205,38.2805,23.5607,14.6991,21.0489,158.59289,10.14936,-58226.025,n
1561035.030,45,507.143,504.793,953.476,507.537,504.958,954.055,500,512,501,510,938,970,1205,32,68,5.0877,4.0632,-65.6789,4.9259,3.5905,-65.7613,282.9947,1.0736,20.5071,287.9537,0.1828,44.6013,20.9108,16.5185,16.6224,151.79933,14.50766,-51119.872,n
1561035.102,199,316.538,54.136,1057.549,316.528,54.159,1057.758,314,322,48,60,1046,1075,918,29,62,6.7268,2.8568,17.4033,6.1069,2.6788,14.8934,251.7985,1.061,4.0239,10.6907,0.2385,34.8487,22.7088,16.9128,25.2003,154.98281,6.9943234,25218.124,n
1561035.228,411,276.802,84.284,1162.733,276.867,84.319,1163.113,274,281,80,89,1150,1178,686,28,40,4.5715,2.5892,-25.6309,4.4793,2.4615,-23.2573,164.2297,1.0283,8.0319,157.6528,0.2144,29.2473,24.3416,19.526,23.6666,155.64383,7.4970021,102772.5,n
1561835.004,4,62.345,137.697,692.359,61.949,137.703,691.933,56,65,135,141,681,707,145,26,27,6.0867,2.1928,66.5977,4.7492,2.0801,70.1312,74.6424,1.5486,3.8976,245.6302,0.2419,25.6269,17.4234,16.5173,17.6141,159.22581,16.386751,-244074.32,n
1561835.014,18,54.585,106.81,547.842,54.762,106.705,547.744,51,62,103,110,532,565,805,33,43,6.436,2.2008,70.5908,5.0785,2.1479,73.1005,164.4843,0.8096,5.9945,356.6053,0.1966,29.4916,25.6382,18.4183,25.0054,159.3456,15.870114,-350214.55,n
1561835.023,34,450.266,81.739,916.55,450.27,81.84,916.981,446,455,78,88,900,929,763,29,54,4.7474,2.7065,-73.3513,4.4021,2.8154,-74.6347,183.1542,0.9143,8.1907,298.9237,0.2373,27.9468,22.0015,16.1994,21.7981,152.75378,15.455691,-78411.188,n
1561835.062,98,479.15,248.866,966.819,479.056,248.56,968.044,472,490,241,257,948,985,3228,37,155,7.9827,7.5424,-12.4523,7.3014,6.1816,-16.292,820.2285,0.8568,64.5492,184.1266,0.198,72.9259,30.1971,17.6011,13.8227,152.27402,18.234375,-40822.561,n
1562635.163,296,498.785,290.585,1121.626,498.748,290.599,1121.239,495,505,286,296,1104,1144,2030,40,85,5.4838,4.9226,-57.1252,4.9867,4.3931,-68.6054,377.5595,0.7512,1.8552,8.0907,0.177,47.3501,30.3701,15.7624,37.4258,151.9458,26.93503,71948.001,n
1563435.016,26,305.198,168.901,897.468,305.146,168.758,897.776,300,312,164,174,877,917,2010,40,97,6.1694,4.8888,-58.8574,5.962,4.2667,-52.0884,512.4775,0.8914,0,144.0892,0.2029,56.3301,30.5745,16.9726,0,155.17251,32.904362,-92548.113,n
1563435.035,59,140.62,275.976,931.738,140.515,276.075,932.675,135,147,272,281,918,947,1265,29,78,6.0107,4.0613,73.7295,5.2964,3.695,77.447,400.1382,0.8681,18.7912,303.7509,0.2228,50.5036,22.1919,15.0267,20.3295,157.91638,34.692988,-66858.674,n
1563435.159,281,95.729,260.903,1147.021,95.94,260.787,1146.554,91,104,257,266,1130,1167,1359,37,80,6.6036,3.9091,68.8731,6.179,3.6217,68.8317,320.8201,0.8503,0,66.7159,0.2012,43.2445,29.7553,21.3418,0,158.65928,34.438185,90582.747,n
1563435.161,283,489.123,381.064,1046.615,489.158,381.093,1046.134,485,494,375,388,1030,1072,1768,42,79,6.2687,3.7377,6.106,5.4064,3.3558,7.014,442.3438,1.109,0,176.896,0.2096,50.2026,34.4494,24.1906,0,152.10564,36.443283,16661.482,n
1563435.170,299,506.058,428.494,1026.919,505.898,428.439,1026.523,504,510,423,436,1006,1045,1115,39,53,6.405,2.5947,-10.6202,5.907,2.3247,-10.5728,337.8981,1.0727,13.7352,338.4064,0.2355,42.9692,30.3856,20.1771,28.6708,151.82664,37.232385,2225.3308,n
2361835.026,41,505.588,348.17,950.512,505.83,348.268,950.704,500,512,346,353,931,970,1462,39,58,6.2315,2.9982,-76.8268,5.7394,2.5675,-76.2468,271.4557,0.5829,12.055,111.9806,0.122,58.2106,28.3727,16.7489,20.7153,231.82794,19.89617,-53586.51,n
2361835.056,81,165.928,454.364,960.94,165.873,454.326,960.635,161,173,448,461,946,982,1422,36,72,7.9952,2.6227,-44.9404,7.218,2.4569,-43.4913,264.9852,0.7261,4.6243,331.5131,0.1676,41.9266,27.5847,15.2774,28.6808,237.4939,21.663808,-46276.611,n
2361835.058,85,398.042,206.003,972.639,397.952,205.914,973.492,393,403,203,210,958,989,952,31,49,4.6525,3.1321,-63.4001,4.2482,2.9821,-64.1932,166.92,0.6385,7.2187,316.593,0.1557,34.7426,24.847,16.6604,23.4944,233.62591,17.523598,-36811.664,n
2361835.060,88,257.216,308.128,976.366,257.321,308.059,976.454,251,263,303,314,955,997,1801,42,76,7.0708,3.4895,48.4847,6.3165,3.2035,48.937,380.8474,1.1313,37.0231,218.5008,0.1818,49.3536,29.5156,17.9528,11.9809,235.96977,19.226026,-34631.785,n
2361835.086,134,67.063,98.016,978.982,67.004,97.952,979.484,63,75,91,105,964,993,1849,29,101,6.9982,3.8968,-13.9914,6.6844,3.7563,-20.2551,392.4595,0.8216,17.445,173.8041,0.1903,47.9602,22.7791,16.7616,20.7144,239.14172,15.724225,-32401.174,n
2361835.204,353,106.89,35.955,1246.511,106.875,35.933,1246.241,102,112,34,40,1228,1267,921,39,42,4.9121,2.4705,76.2048,4.9086,2.2967,78.11,150.273,0.7818,4.707,254.3718,0.1818,27.2416,30.1775,18.5055,30.2219,238.4772,14.690585,163964.59,n
2362635.003,3,89.46,508.263,881.071,89.413,508.289,880.422,86,95,506,511,866,898,737,32,37,4.7424,2.3368,80.7632,4.4338,2.1985,75.7692,125.6303,0.8265,0,262.2372,0.1614,28.6664,26.6477,24.1351,0,238.76824,30.563212,-105322.68,n
2362635.010,11,59.773,323.27,922.828,59.789,323.328,923.078,56,64,319,329,902,945,1253,43,53,5.1754,2.7437,-31.4032,4.7641,2.5492,-31.7207,203.0419,0.5908,12.5908,132.4336,0.1587,36.1407,33.6426,20.3528,20.2674,239.26197,27.480513,-73922.697,n
2362635.035,42,486.24,319.244,946.481,486.325,319.429,946.083,481,494,314,325,928,969,2370,41,104,7.2262,4.231,-54.8301,6.699,3.8652,-55.1466,433.8336,0.8462,12.3344,119.0238,0.1584,56.2483,27.6161,19.3599,27.4733,232.15303,27.415534,-56988.566,n
2362635.056,77,98.599,183.722,940.45,98.515,183.391,941.243,97,102,179,188,930,952,302,22,31,4.8049,1.8907,-9.0965,4.5335,1.8177,-12.049,65.5518,0.7298,2.9698,161.9516,0.1737,21.7103,20.4782,15.9787,20.2435,238.61654,25.14824,-60551.127,n
2362635.058,80,369.102,450.567,955.732,369.158,450.552,956.274,364,376,448,454,930,979,910,49,42,6.5448,2.2771,-74.6797,6.0306,2.1019,-73.1901,156.2857,0.6312,4.3531,108.1545,0.16,32.3703,42.5421,31.6597,42.1807,234.10581,29.600919,-49486.778,n
2362635.062,88,204.782,170.586,950.131,204.869,170.603,949.749,197,210,167,176,934,969,1871,35,80,6.3074,4.0535,-78.4981,5.5217,3.7757,-79.7664,327.4613,0.7862,11.3046,113.0556,0.1565,48.3812,26.0276,18.5829,25.4318,236.84396,24.935093,-54289.998,n
2363435.025,34,453.042,270.997,932.532,453.048,271.003,932.567,446,461,267,277,905,966,3277,61,107,7.0427,4.7661,89.8171,6.2551,3.9701,86.1929,531.1009,0.6822,10.3179,49.9614,0.1585,58.5367,45.5819,20.2095,46.1336,232.70764,34.608457,-66937.54,n
2363435.034,51,467.173,161.353,929.022,467.019,161.28,929.14,461,476,155,168,909,951,3703,42,140,7.279,5.7473,-88.6007,6.4591,5.1879,89.9308,684.7029,0.724,13.4988,89.833,0.1502,74.8968,29.9167,19.6785,30.2012,232.47478,32.779735,-69460.689,n
2363435.044,66,47.703,399.462,928.289,47.686,399.42,928.454,43,55,396,404,910,953,1856,43,73,6.0544,3.7058,62.1105,6.1325,3.3268,64.2511,316.6644,0.7179,14.7272,56.9714,0.1778,41.3314,27.2926,20.2036,24.4286,239.46368,36.748734,-69965.59,n
2363435.045,67,496.016,408.342,943.184,495.931,408.441,943.39,489,506,403,417,910,965,4278,55,170,7.442,7.1478,-23.6882,7.0467,6.2585,-43.4114,796.2899,0.8478,39.0986,306.9793,0.1789,68.056,42.6873,22.409,22.4748,231.99292,36.899084,-58971.061,n
2363435.048,70,10.565,196.216,931.627,10.208,196.216,931.395,3,18,190,202,916,949,1833,33,122,7.5599,4.8413,65.1431,6.4992,4.3065,65.9273,441.2216,0.9784,17.3638,81.1948,0.1713,60.1732,25.5643,22.6666,25.1592,240.08832,33.361996,-67800.685,n
2363435.094,153,146.972,362.36,980.589,146.956,362.301,980.728,144,150,358,369,965,998,616,33,39,5.2126,1.8361,-12.8844,4.81,1.9562,-11.3157,123.3334,0.7444,4.269,5.0599,0.1946,25.5351,27.4065,18.8026,27.2639,237.80919,36.130089,-31485.108,n
2840235.381,758,192.984,393.878,1197.444,192.85,394.001,1196.316,185,201,388,399,1181,1218,1440,37,79,7.2176,3.6144,66.1699,6.2636,3.2012,67.6688,622.502,1.3542,0,244.243,0.3286,49.9208,26.1319,18.1776,0,285.04437,4.6583561,127213.6,n
3320235.002,2,464.665,265.078,157.782,464.588,264.756,156.588,461,469,261,272,140,189,1903,49,66,6.7666,2.3574,26.7881,3.8616,1.9209,23.6041,1956.532,11.5807,86.3474,205.5323,0.2637,170.2915,39.1132,29.1117,29.0153,328.51549,2.5042747,-638153.44,n
3320235.004,4,496.773,101.906,154.352,496.718,101.893,153.193,492,500,99,105,141,176,383,35,29,4.5485,2.1176,77.6491,3.4401,1.7467,83.5315,222.4461,1.8577,8.0421,79.4706,0.2116,53.7238,28.1952,20.8656,27.5651,327.98,-0.21011849,-640652.61,n
3320235.039,61,506.825,76.095,965.309,507.135,75.902,965.123,502,512,72,81,953,977,902,24,62,5.3675,3.8161,-78.3174,4.8837,3.5582,-89.799,305.8287,1.0655,19.4985,90.807,0.242,42.0864,20.4233,16.4148,17.262,327.80639,-0.64330851,-42972.703,n
3320235.247,385,406.223,230.255,1064.7,406.156,230.162,1064.898,402,412,226,237,1053,1079,792,26,57,6.2688,2.8237,-42.0952,5.9531,2.6179,-44.0914,227.6285,1.0148,14.8963,131.2003,0.2261,35.7709,20.9783,14.6159,17.3676,329.48937,1.9277059,30474.19,n
3320235.250,390,140.735,463.817,1072.465,140.764,463.667,1071.899,136,147,460,468,1054,1091,1277,37,59,5.4194,3.0282,72.5609,5.1862,2.7011,68.1972,348.3157,0.9523,14.1682,244.807,0.2211,44.0814,32.3398,21.4106,25.6285,333.91258,5.8194658,35627.734,n
3320235.252,392,238.787,278.04,1096.155,238.745,278.17,1096.125,236,243,274,284,1080,1112,951,32,51,4.6349,3.4872,-4.9514,4.1876,2.8434,-9.0643,310.8946,0.924,16.1674,197.7676,0.1972,51.1203,23.2583,17.1748,21.4174,332.27955,2.7278461,53460.946,n
3320235.272,415,482.528,113.481,1138.451,482.549,113.574,1138.869,477,489,104,120,1118,1163,2797,45,103,7.445,4.6845,-1.9003,6.3115,4.4427,-5.8594,659.4614,0.9585,23.7806,350.312,0.2132,58.4824,38.2698,27.2198,31.3693,328.21615,-0.015430104,84925.722,n
3321035.041,53,350.169,206.491,979.957,350.065,206.639,981.494,344,357,202,212,963,996,1340,33,72,7.225,3.1578,55.3738,6.7832,2.8574,54.6622,371.0242,0.813,0,45.1807,0.1982,51.1402,23.0971,14.8136,0,330.42422,9.5356685,-30921.365,n
3321835.028,43,96.757,65.599,938.657,96.864,65.556,939.755,88,104,60,73,920,959,3538,39,138,7.4819,5.986,-61.5417,6.9628,5.3026,-63.1813,841.5097,0.9654,0,324.7897,0.1884,75.0755,30.4193,22.478,0,334.64423,15.184301,-61646.747,n
3322635.005,5,483.091,507.125,919.858,483.245,507.446,920.289,477,491,500,512,899,942,2179,43,98,6.167,5.6525,-75.2102,5.4191,5.0841,-48.0651,590.2413,1.1976,0,115.0942,0.2157,58.6133,28.1414,15.4829,0,328.20455,30.549161,-75975.73,n
3322635.052,82,176.129,487.044,945.749,175.941,487.091,946.522,173,182,480,494,933,960,1547,27,98,7.0304,4.2486,-8.4269,6.4395,3.8599,-8.1611,442.0091,0.804,25.0702,158.6235,0.196,57.3416,21.8757,15.8536,18.319,333.3263,30.209913,-56665.63,n
3322635.072,115,406.819,139.009,955.44,406.877,139.101,956.016,400,413,133,147,939,970,1959,31,107,7.3715,5.1609,-48.465,7.2987,4.6681,-48.1808,642.9509,1.1248,30.8916,352.0923,0.2438,59.5887,22.2038,16.5886,18.1121,329.47735,24.410063,-49676.437,n
3322635.291,482,159.5,236.066,1061.79,159.353,236.029,1062.017,157,164,230,242,1040,1085,1313,45,54,6.1123,2.929,-20.2248,5.3499,2.5859,-17.9901,348.9976,0.8836,0,154.3702,0.1937,49.7222,30.107,17.536,0,333.60275,26.025529,28353.197,n
3322635.301,498,89.258,77.73,1080.262,89.231,77.834,1080.509,85,95,73,83,1063,1098,1135,35,58,5.4024,3.3975,-47.7729,4.7198,3.0558,-46.9582,258.7373,0.7342,7.1685,126.2265,0.1657,46.3365,28.292,16.7253,28.4993,334.77146,23.388942,41965.294,n
3322635.310,510,45.16,121.1,1098.046,45.121,120.974,1097.814,41,51,115,130,1082,1119,1345,37,89,5.8592,4.1798,-1.9645,5.8731,3.8765,-3.7077,362.5421,1.2278,20.8509,244.967,0.221,44.7362,24.6598,18.2214,21.6687,335.50663,24.107946,54704.158,n
3323435.039,60,249.193,215.361,907.372,249.213,215.387,907.793,244,257,209,223,888,926,3436,38,136,7.3318,5.8338,-36.0569,6.7158,5.2212,-36.8069,1001.3753,1.1546,25.7284,319.1857,0.193,88.5346,31.4832,19.0962,28.8417,332.10508,33.681517,-85174.649,n
3323435.049,76,410.365,166.528,940.009,410.348,166.537,939.472,404,419,163,171,924,958,1143,34,64,6.5186,2.9152,69.8773,5.6946,2.6609,71.169,359.5603,0.9986,25.8687,250.9556,0.2203,48.2811,27.582,17.0548,16.8645,329.41949,32.867341,-61855.106,n
3323435.065,100,439.638,170.955,941.586,439.572,170.957,941.764,434,446,165,178,922,962,1960,40,97,7.0447,4.3971,-38.8379,6.2395,3.6753,-33.2737,567.352,1.0008,20.9659,329.921,0.2006,63.8832,33.6142,20.0299,29.9308,328.93243,32.941016,-60168.02,n
3323435.085,129,5.09,110.514,954.457,4.788,110.451,956.218,1,11,107,117,939,970,1369,31,74,6.056,3.8516,48.8417,5.3683,3.4409,51.2663,463.4793,1.0953,33.4211,44.7264,0.1933,64.8004,22.3468,15.1928,15.0749,336.17885,31.93258,-49527.945,n
3403435.037,52,271.409,397.488,927.956,271.427,397.567,928.734,266,277,393,402,914,942,971,28,65,6.051,3.0898,61.5915,5.7632,2.8073,59.8204,329.2687,1.36,16.0608,240.8519,0.272,38.842,23.017,16.1094,21.6618,339.73487,36.71785,-69759.61,n
3403435.052,73,256.906,319.399,934.139,256.772,319.307,934.394,253,260,314,326,921,948,577,27,49,5.9854,2.7076,18.4103,5.6201,2.5279,12.123,199.0677,1.1039,10.0017,189.6912,0.2602,31.8519,20.3913,14.67,19.7756,339.97912,35.413523,-65593.146,n
3403435.053,74,299.634,178.738,940.885,299.687,178.896,941.895,294,306,172,186,918,966,3820,48,132,7.1926,5.7081,0.268,6.8331,5.1701,-4.4025,1029.7498,0.9208,72.7708,320.5034,0.1981,84.1023,38.8302,24.7794,10.6155,339.26387,33.073336,-60071.327,n
3403435.060,87,4.77,318.125,935.636,4.771,318.258,937.474,1,10,313,325,920,953,1633,33,82,5.9624,4.0927,21.9767,5.5365,3.628,23.2411,480.3602,1.0594,26.8242,44.3407,0.2109,56.3678,23.4125,16.9228,20.3402,344.17915,35.396033,-63325.481,n
3403435.065,93,387.785,383.909,952.048,387.944,383.793,952.134,382,395,378,392,932,973,2931,41,133,7.0408,5.8708,-21.5042,6.2089,5.1668,-20.8774,1221.8262,1.6458,84.324,151.982,0.2306,97.8553,27.2809,17.284,16.2942,337.79291,36.488294,-52534.086,n
3483435.011,14,309.011,307.012,902.22,309.068,307.052,902.228,305,316,302,316,883,921,2075,38,92,6.1059,5.1766,26.8141,5.5605,4.8265,30.4991,396.168,0.7399,16.6645,302.7756,0.1767,49.2232,28.4131,19.1167,25.2946,347.10753,35.209274,-89270.755,n
3483435.018,23,437.572,180.751,924.311,437.708,180.721,923.745,432,445,176,185,905,946,1904,41,83,6.1927,3.8997,87.9288,5.8369,3.4123,-88.9569,476.6315,1.1451,20.0163,113.4145,0.225,48.5523,28.8663,20.338,27.1469,344.96353,33.10375,-73431.789,n
3563435.018,24,36.531,134.184,927.72,36.588,134.033,929.154,32,41,129,141,909,948,1493,39,71,6.0602,4.0435,26.0222,5.2378,3.6333,28.0522,388.8535,0.881,0,172.483,0.2177,46.232,35.672,24.8086,0,359.64889,32.325615,-69450.183,n
43435.005,5,265.244,217.794,873.607,265.539,217.819,873.78,258,274,211,225,856,893,3425,37,155,7.5955,5.9406,55.192,7.3228,5.3095,57.4589,871.2309,0.9141,77.4896,192.3305,0.2026,73.4734,29.0865,17.6609,10.6748,3.8323297,33.722055,-110212.32,m
123435.007,8,200.421,63.14,565.676,200.58,63.246,565.184,195,207,57,71,545,589,3420,44,116,7.7134,5.007,-32.3366,7.3849,4.3132,-32.3317,657.2443,0.8045,13.0737,359.6919,0.1607,69.9468,36.7151,25.1059,36.7174,12.914992,31.145831,-337376.64,m
123435.016,17,185.999,124.129,943.726,186.298,123.942,945.115,182,192,121,129,923,965,1274,42,51,4.9935,3.2553,62.3284,4.0527,2.855,60.5822,440.6861,1.5306,27.0465,256.7735,0.162,76.2268,30.4947,22.6522,22.1551,13.153041,32.157429,-57701.107,m
202635.022,43,335.134,387.255,535.142,335.271,387.342,534.945,330,342,384,391,521,551,1122,30,57,6.0881,2.9903,-78.8264,5.5775,2.5575,-79.4171,254.3212,0.6465,13.5253,274.9917,0.1573,48.2726,23.408,18.2781,19.7863,18.670158,28.547419,-359636.18,m
283435.051,77,181.445,399.112,972.62,181.518,399.18,972.119,174,188,391,409,958,989,3250,31,180,7.9583,6.6434,4.1191,7.4819,5.9031,0.7028,1282.6997,1.3413,0,354.9304,0.2666,84.3871,22.4252,15.2182,0,29.232733,36.744746,-37822.602,m
440235.012,23,404.092,459.624,691.128,404.142,459.644,691.074,399,409,457,464,673,711,1230,38,57,5.4149,3.2429,-83.3206,4.6632,2.9268,-86.0499,323.9069,0.9184,5.9856,274.2112,0.2047,45.113,33.2006,26.1517,33.6306,41.522364,5.7524178,-244706.22,m
440235.014,25,368.427,484.066,668.043,368.527,484.048,667.79,362,376,478,494,645,693,4152,48,138,6.9225,6.6126,-8.4787,6.1476,5.8355,-53.4214,1204.0973,0.9638,22.1431,198.4937,0.217,86.1006,35.285,25.5688,35.1075,42.115947,6.1591429,-261846.22,m
441035.044,84,67.854,334.443,685.057,67.841,334.39,684.932,64,72,329,341,668,703,1560,35,67,6.3554,3.331,-18.0767,5.636,2.9796,-16.4764,521.4442,0.9752,16.2625,352.2091,0.2078,63.5337,29.7029,18.3313,27.3162,47.127392,11.664851,-249227.5,m
441035.046,87,440.228,213.672,709.523,440.119,213.645,709.207,438,444,209,219,694,728,900,34,46,4.8637,2.8344,10.0715,4.1627,2.4439,6.2721,316.7118,0.9195,15.0364,208.3014,0.1988,53.1066,26.7657,16.6166,20.2299,40.922744,9.6524395,-231358.4,m
441035.052,94,447.768,82.281,707.9,447.865,82.362,708.383,445,453,78,87,690,728,880,38,45,4.5973,2.8306,-38.1407,3.8315,2.5821,-41.4671,266.6307,1.2287,11.1064,270.0834,0.2495,36.0296,25.5718,16.6126,24.984,40.793645,7.4643757,-231964.47,m
441835.008,20,501.453,218.548,650.826,501.231,218.682,650.965,495,508,214,225,626,678,3180,52,96,6.1826,4.7148,81.4945,5.6397,4.0813,81.6888,706.2626,1.0749,0,274.0571,0.1872,66.906,39.7546,25.0656,0,39.904203,17.73641,-274231.62,m
441835.045,76,35.76,474.33,944.311,35.751,474.349,944.056,31,40,470,480,930,963,1087,33,57,4.6611,3.0565,27.1542,4.6728,2.9193,21.8357,224.2519,0.8758,3.712,348.9265,0.192,35.4206,29.2422,16.9827,30.4556,47.662218,21.997525,-58480.569,m
442635.004,4,260.564,68.711,657.605,260.466,68.739,657.729,254,269,62,76,633,680,5078,47,167,7.7449,6.6257,-87.43,6.9245,6.2439,87.9592,1052.2698,1.0022,21.8165,159.7072,0.1851,79.7971,37.3271,25.6112,36.8567,43.916969,23.237365,-269252.53,m
443435.011,13,296.746,184.38,854.174,296.71,184.465,853.887,290,303,178,192,834,878,3022,44,125,6.6681,5.9832,-21.1217,6.2801,5.2013,-34.612,769.5704,1.0214,50.6014,143.6178,0.2055,68.1134,31.2077,21.8253,20.7118,43.312886,33.166154,-124856.25,m
443435.014,16,271.181,412.887,831.954,271.104,412.767,831.491,266,276,408,420,815,851,1758,36,77,5.5845,4.1211,-12.1222,5.2235,3.7307,-11.1044,414.7332,1.0911,0,269.1357,0.2279,43.3947,29.749,24.0807,0,43.739663,36.971198,-141342.56,m
523435.001,1,410.697,308.838,793.132,410.722,308.97,793.163,405,418,304,314,772,814,2473,42,100,6.7689,4.1829,80.2006,6.2273,3.9549,80.0157,555.7415,0.9809,29.0595,269.9082,0.2068,54.0284,28.138,15.1738,17.297,49.412706,35.241245,-169556.4,m
603435.005,5,101.751,361.277,892.406,101.721,361.268,891.662,97,107,355,368,870,915,2510,45,88,6.5625,4.0261,-32.8247,6.0863,3.681,-33.8489,588.302,1.0798,12.0617,320.2859,0.2308,50.8745,35.291,27.3018,35.2527,62.562742,36.112865,-97048.793,m
841835.064,100,212.555,73.028,958.504,212.812,73.203,961.289,208,218,69,78,938,980,2248,42,78,5.5391,4.488,-57.3259,4.9663,3.8456,-61.4587,1125.8978,1.4533,0,111.6685,0.2198,108.0614,31.4041,19.6624,0,84.736608,15.310265,-45794.824,m
841835.247,437,143.317,47.744,1072.444,143.266,47.717,1071.647,139,149,43,54,1054,1091,2082,37,89,6.1647,4.5593,32.0299,5.2193,3.8473,23.7791,927.7533,1.418,19.625,194.1188,0.2401,84.6925,27.1232,17.2656,27.6225,85.931931,14.877008,35442.378,m
1242635.014,20,244.134,503.207,904.879,244.138,503.234,905.42,238,252,499,508,882,926,2315,44,91,6.7299,3.942,-83.5716,6.1506,3.4481,-83.8705,512.0142,0.845,19.3699,289.0631,0.1802,59.0644,32.7033,26.7746,30.5382,124.18925,30.478959,-86921.302,m
1242635.083,136,128.555,211.565,976.025,128.903,211.65,976.931,125,134,207,217,963,990,1337,27,75,5.7734,4.1091,-30.042,5.243,3.5596,-31.4562,424.0523,1.0768,25.9316,333.1482,0.2369,48.964,21.4476,16.8363,17.7321,126.10985,25.619219,-34280.511,m
1242635.241,416,380.498,472.763,1213.544,380.392,472.791,1213.64,376,386,470,477,1194,1234,1405,40,59,4.964,3.4716,72.6191,4.4569,3.1124,74.0612,312.0237,0.7294,13.7014,304.48,0.1885,44.152,30.3174,20.5474,21.5198,121.91835,29.971572,139966.58,m
1242635.249,431,354.8,401.104,1082.605,354.987,401.227,1083.09,349,362,397,406,1061,1108,2385,47,89,6.255,4.3274,86.1704,5.4526,4.0169,-84.1825,504.3473,0.8972,19.6856,288.3972,0.182,56.7485,37.9469,23.528,31.3877,122.34177,28.778833,43865.513,m
1242635.251,433,261.965,335.899,1113.995,261.607,335.818,1113.493,255,270,332,341,1090,1139,2982,49,96,6.8218,4.252,86.1275,6.0216,3.766,-88.1539,735.7999,1.3466,15.6364,274.6184,0.2004,67.2496,38.1609,21.5068,37.9712,123.8981,27.688694,66245.537,m
1242635.258,442,413.107,287.527,1133.739,412.971,287.588,1134.036,409,418,284,295,1117,1153,1205,36,60,5.2572,3.4662,7.5557,4.4467,3.3418,8.4443,280.1618,0.8486,9.3433,174.9483,0.1704,47.3679,29.8396,21.8732,29.4469,121.37537,26.884851,81367.824,m
1243435.015,20,282.546,147.914,895.714,282.515,147.765,895.176,277,289,142,157,872,922,4655,50,151,7.5709,6.156,15.5313,6.6467,5.4827,15.689,1294.261,1.0348,87.1012,156.4235,0.179,105.9892,34.7925,21.0371,13.6687,123.54963,32.554479,-94462.168,m
1400235.237,395,137.04,101.976,1174.75,137.225,101.742,1174.582,134,142,96,108,1157,1195,1620,38,75,5.9004,3.9194,-3.4398,5.1462,3.3142,-2.5464,424.6215,0.7632,0,347.0112,0.1662,63.491,31.5392,22.7251,0,141.97118,-0.21263491,111214.76,m
1401035.224,381,175.168,503.682,1060.796,175.126,503.756,1059.866,169,181,499,510,1039,1084,2889,45,102,6.1069,5.1825,-69.3204,5.485,4.7417,-80.243,705.0374,0.9512,64.8579,17.8794,0.1982,66.193,33.4092,22.4509,13.3308,141.33948,14.487637,26770.051,m
1401035.238,405,334.385,504.983,1091.508,334.291,504.795,1092.05,329,340,500,511,1071,1117,2535,46,86,6.7628,3.908,40.1309,5.6912,3.5178,38.8973,652.6265,0.9047,25.3716,36.5503,0.1862,69.6264,32.7776,22.3462,28.9228,138.68673,14.504944,50461.005,m
1401035.244,411,69.57,448.89,1083.935,69.663,448.824,1083.547,67,73,445,456,1068,1103,693,35,37,4.5561,2.3743,-10.9702,3.6924,2.2326,-8.7523,149.9811,0.8309,14.9275,164.1495,0.1849,30.8197,24.7888,16.7307,15.8243,143.09722,13.572089,44202.041,m
1401835.293,498,451.21,64.586,1139.248,451.139,64.403,1139.254,447,456,59,70,1118,1163,1964,45,76,5.4769,4.2858,-11.0501,4.6911,3.7189,-16.1398,481.5444,0.9632,24.3891,341.8365,0.1732,62.7341,34.6176,21.3509,21.3571,136.73927,15.165088,85209.389,m
1401835.303,510,310.506,50.365,1103.278,310.388,50.368,1103.378,306,316,47,54,1088,1121,1015,33,53,4.8181,3.2532,-89.4107,4.2898,2.9009,85.8588,216.6368,0.6817,14.4381,236.9054,0.166,40.9581,24.7321,16.9096,17.2249,139.08513,14.93117,58799.759,m
1401835.308,515,334.609,24.687,1092.87,334.502,24.524,1093.177,330,340,19,32,1073,1116,2381,43,93,6.8003,4.0651,34.1374,5.7674,3.5364,35.8208,630.028,0.8898,25.5999,31.7457,0.19,67.9422,31.0233,22.5518,27.1368,138.68321,14.500426,51290.906,m
1401835.310,517,452.727,32.549,1079.734,452.673,32.486,1080.22,447,459,28,38,1063,1099,1704,36,84,5.9933,4.2811,61.0959,4.9697,3.7978,67.3327,468.8457,0.8677,34.2205,43.2492,0.1874,60.604,27.7606,15.8592,15.4903,136.71369,14.633136,41752.668,m
1560235.163,256,378.01,275.184,1096.355,378.134,275.103,1096.255,376,383,269,278,1064,1123,784,59,32,5.9238,2.3519,36.9172,3.6043,2.1865,40.7077,184.2556,0.9036,5.113,221.788,0.204,32.2538,38.2932,24.3312,37.9062,153.95604,2.6767158,53556.671,m
1561835.215,392,250.035,59.156,1071.759,249.784,59.029,1071.976,245,256,54,66,1054,1089,2187,35,98,6.4291,4.7476,-45.3433,5.797,4.2543,-47.3129,495.0886,0.9009,23.9303,294.9001,0.1628,65.0094,24.1291,19.3951,22.2409,156.09521,15.075519,35684.595,m
1561835.226,408,430.686,221.27,1118.12,430.414,221.295,1117.943,426,436,216,226,1101,1135,1295,34,67,5.4925,3.3004,47.9301,4.7951,3.2368,53.3193,236.5342,0.6476,8.3596,79.0027,0.1753,37.4849,25.5194,18.9081,24.9645,153.08471,17.779948,69521.59,m
2361835.066,105,141.414,9.82,971.845,141.422,10.131,972.334,137,147,2,16,953,994,2415,41,97,6.3186,4.4924,29.642,5.6788,3.9601,27.5728,573.8431,0.9838,6.0328,221.5237,0.1837,63.5687,30.3883,21.3429,37.811,237.90142,14.260552,-37664.345,m
2361835.122,208,21.696,211.551,1064.723,21.77,211.576,1065.015,18,26,207,217,1043,1085,1304,42,52,4.9551,3.0883,-25.4691,4.4165,2.8253,-23.0891,231.1555,0.5162,11.4898,344.5735,0.1398,45.7992,33.1944,24.26,24.1707,239.89561,17.617962,30560.126,m
2362635.075,116,220.37,307.717,958.353,220.296,307.802,958.235,217,225,304,312,943,976,971,33,50,4.5056,3.3692,38.9516,4.1331,2.9636,39.4135,197.3087,0.7634,5.6657,41.3279,0.1627,38.9159,22.8978,16.3384,25.815,236.58684,27.221756,-48042.882,m
2362635.076,120,402.421,264.358,965.143,402.367,264.382,965.369,398,408,260,270,946,986,1736,40,68,5.2277,4.1739,47.8366,4.7526,3.7512,55.4721,263.0666,0.652,9.1004,20.1868,0.143,44.1656,31.7409,19.2004,27.2282,233.55232,26.49808,-42791.358,m
2363435.016,19,297.189,216.193,923.323,297.136,216.257,922.616,292,304,211,222,903,945,2132,42,95,5.2893,5.0075,70.5818,4.7607,4.6576,73.9523,346.4542,0.695,14.4886,167.4563,0.165,45.4753,32.3377,20.1007,25.7132,235.30617,33.696018,-74263.256,m
2363435.049,71,444.141,162.564,933.338,444.111,162.512,933.798,438,453,158,168,913,951,2517,38,119,7.9387,4.4163,-74.6455,7.2093,3.9052,-73.038,533.3308,0.8854,43.3307,290.0695,0.1675,63.451,25.6475,15.1098,11.9449,232.85659,32.80026,-66031.578,m
2840235.376,750,241.555,223.674,1195.457,241.548,222.853,1191.242,237,247,218,229,1177,1218,1644,41,84,5.5928,4.7655,-5.0905,5.5428,3.9272,-3.0373,1287.4686,3.0573,12.8691,331.5664,0.3818,83.1729,34.3816,23.5322,35.35,284.23274,1.8058866,123479.03,m
3320235.019,31,470.774,234.93,625.817,470.622,235.047,625.294,467,474,233,239,607,647,575,40,27,4.5065,1.8876,52.2414,3.7211,1.7403,54.0012,165.8919,0.9118,4.7008,225,0.2443,28.3154,33.9927,18.2309,31.1812,328.41492,2.0091238,-293128.29,m
3320235.204,321,425.215,385.632,1062.062,425.539,385.702,1061.234,421,430,382,389,1036,1086,817,50,41,5.2492,2.4349,-75.5592,5.077,2.2635,-73.3187,208.8003,1.3563,4.5643,120.5042,0.2298,31.7942,43.189,28.8182,41.4221,329.16631,4.5200391,27776.993,m
3320235.256,397,211.185,275.523,1090.883,211.191,275.48,1091.451,207,217,272,281,1073,1108,1333,35,64,5.0013,3.607,71.859,4.395,3.3075,69.0646,387.8658,0.9505,20.3617,273.9211,0.2005,52.992,24.8577,15.9879,19.5074,332.73879,2.6830002,50020.201,m
3321035.260,428,112.246,486.994,1067.681,112.129,486.783,1066.775,109,116,482,493,1053,1083,1067,30,56,6.1677,2.7043,-23.5222,5.3726,2.3237,-22.2271,368.945,1.0689,21.0863,346.2033,0.1859,60.7519,23.1966,15.3593,19.3043,334.38983,14.204753,31855.709,m
3321835.049,75,490.412,438.611,959.591,490.42,438.536,959.813,486,495,433,445,938,982,2569,44,90,6.5386,4.3893,17.2171,5.9927,3.7746,18.1199,754.4358,0.8891,22.6981,33.4857,0.1738,85.6211,31.4701,19.6964,30.4606,328.08496,21.400642,-46881.102,m
3321835.080,134,128.138,132.231,973.042,128.229,132.28,974.272,123,134,128,137,951,996,1878,45,69,6.1354,3.5642,60.8636,5.2774,3.1839,63.5164,695.0443,1.2858,60.2146,64.0073,0.2277,70.4412,38.4898,23.3896,3.8858,334.12149,16.296358,-36237.654,m
3321835.158,252,112.311,7.267,1067.618,112.191,7.007,1066.793,109,116,2,14,1051,1085,1213,34,56,6.17,2.7004,-23.9863,5.496,2.3102,-22.1937,392.3016,1.0441,0,344.4749,0.1885,59.7627,25.5617,15.8697,0,334.38879,14.208475,31869.295,m
3322635.063,101,114.064,309.532,953.054,114.238,309.426,954.542,107,122,304,315,936,972,2426,36,109,7.8307,4.3141,68.4274,6.9239,3.6885,67.4188,802.7523,0.9139,7.101,252.7637,0.1976,82.4897,26.6927,19.0939,31.9285,334.35467,27.24882,-50761.36,m
3322635.314,514,360.694,464.224,1065.377,360.368,464.293,1063.877,355,366,460,469,1051,1085,1338,34,66,5.9779,3.6058,61.5242,5.3718,3.0963,60.743,364.4331,0.8792,3.7903,227.4972,0.1729,57.6117,21.4689,15.6502,30.2954,330.25251,29.829948,29722.548,m
3323435.012,17,402.149,382.221,860.749,402.192,382.177,861.007,398,409,377,391,845,874,1419,29,84,7.5176,3.7045,30.328,6.3368,3.2676,31.2858,544.2435,1.2042,35.7122,21.5501,0.1852,78.0207,20.9589,16.5594,16.7681,329.55543,36.461362,-119614.56,m
3323435.106,160,492.022,144.361,959.276,491.913,144.274,959.432,488,498,142,148,948,970,446,22,34,4.6705,2.2104,-73.4064,4.0942,2.1063,-74.5139,152.9924,1.2145,9.0112,291.8742,0.2371,30.5559,19.5192,15.6041,16.598,328.06008,32.496291,-47161.907,m
3403435.051,71,100.803,5.75,955.009,100.916,5.722,955.686,97,106,1,13,939,971,1633,32,84,6.2445,4.3395,2.405,5.6075,3.7566,3.5328,744.3868,1.2094,0,31.6729,0.2077,88.71,24.6779,15.0687,0,342.57673,30.187091,-49919.617,m
3403435.261,444,97.899,205.249,1076.57,97.994,205.407,1078.082,94,104,202,210,1059,1095,1363,36,63,5.231,3.6093,71.1293,4.6144,3.0434,77.552,413.8066,0.8992,0,248.1212,0.17,65.9293,30.9172,17.118,0,342.62542,33.515186,40179.04,m
3403435.263,446,118.062,152.095,1078.468,117.972,152.395,1077.761,113,124,148,156,1065,1095,1084,30,63,5.4767,3.5629,87.0291,4.7632,3.2576,85.1355,277.7178,0.7754,7.4815,76.6093,0.1591,53.0238,24.5497,16.4602,24.6118,342.29246,32.631645,39942.908,m